date,open,high,low,close,volume,barCount,wap
2021-03-25 00:00:00+00:00,3879.34,3919.54,3853.5,3909.52,0,22119,0.0
2021-03-26 00:00:00+00:00,3917.12,3978.19,3917.12,3974.54,0,21824,0.0
2021-03-29 00:00:00+00:00,3969.31,3981.83,3943.25,3971.09,0,21692,0.0
2021-03-30 00:00:00+00:00,3963.34,3968.01,3944.35,3958.55,0,21341,0.0
2021-03-31 00:00:00+00:00,3967.25,3994.41,3966.98,3972.89,0,21132,0.0
2021-04-01 00:00:00+00:00,3992.78,4020.63,3992.78,4019.87,0,20850,0.0
2021-04-05 00:00:00+00:00,4034.44,4083.42,4034.44,4077.91,0,21046,0.0
2021-04-06 00:00:00+00:00,4075.57,4086.23,4068.14,4073.94,0,21006,0.0
2021-04-07 00:00:00+00:00,4074.29,4083.13,4068.31,4079.95,0,20909,0.0
2021-04-08 00:00:00+00:00,4089.95,4098.19,4082.54,4097.17,0,20491,0.0
2021-04-09 00:00:00+00:00,4096.11,4129.48,4095.51,4128.8,0,20555,0.0
2021-04-12 00:00:00+00:00,4124.71,4131.76,4114.82,4127.99,0,20903,0.0
2021-04-13 00:00:00+00:00,4130.1,4148.0,4124.43,4141.59,0,20723,0.0
2021-04-14 00:00:00+00:00,4141.58,4151.69,4120.87,4124.66,0,21250,0.0
2021-04-15 00:00:00+00:00,4139.76,4173.49,4139.76,4170.42,0,21021,0.0
2021-04-16 00:00:00+00:00,4174.14,4191.31,4170.75,4185.47,0,20571,0.0
2021-04-19 00:00:00+00:00,4179.8,4180.81,4150.47,4163.26,0,21345,0.0
2021-04-20 00:00:00+00:00,4159.18,4159.18,4118.38,4134.94,0,21426,0.0
2021-04-21 00:00:00+00:00,4128.42,4175.02,4126.35,4173.42,0,20806,0.0
2021-04-22 00:00:00+00:00,4170.46,4179.57,4123.69,4134.98,0,21436,0.0
2021-04-23 00:00:00+00:00,4138.78,4194.17,4138.78,4180.17,0,20637,0.0
2021-04-26 00:00:00+00:00,4185.03,4194.19,4182.36,4187.62,0,20547,0.0
2021-04-27 00:00:00+00:00,4188.25,4193.35,4176.22,4186.72,0,20614,0.0
2021-04-28 00:00:00+00:00,4185.14,4201.53,4181.78,4183.18,0,21139,0.0
2021-04-29 00:00:00+00:00,4206.14,4218.78,4176.81,4211.47,0,21485,0.0
2021-04-30 00:00:00+00:00,4198.1,4198.1,4174.85,4181.17,0,21372,0.0
2021-05-03 00:00:00+00:00,4191.98,4209.39,4188.03,4192.66,0,21134,0.0
2021-05-04 00:00:00+00:00,4179.04,4179.04,4128.59,4164.66,0,21670,0.0
2021-05-05 00:00:00+00:00,4177.06,4187.72,4160.94,4167.59,0,21108,0.0
2021-05-06 00:00:00+00:00,4169.14,4202.7,4147.33,4201.62,0,21388,0.0
2021-05-07 00:00:00+00:00,4210.34,4238.04,4201.64,4232.6,0,21064,0.0
2021-05-10 00:00:00+00:00,4228.29,4236.39,4188.13,4188.43,0,21409,0.0
2021-05-11 00:00:00+00:00,4150.34,4162.04,4111.53,4152.1,0,21912,0.0
2021-05-12 00:00:00+00:00,4130.55,4134.73,4056.88,4063.04,0,22002,0.0
2021-05-13 00:00:00+00:00,4074.99,4131.58,4074.99,4112.5,0,22012,0.0
2021-05-14 00:00:00+00:00,4129.58,4183.13,4129.58,4173.85,0,20767,0.0
2021-05-17 00:00:00+00:00,4169.92,4171.92,4142.69,4163.29,0,21412,0.0
2021-05-18 00:00:00+00:00,4165.94,4169.15,4125.99,4127.83,0,20938,0.0
2021-05-19 00:00:00+00:00,4098.45,4116.93,4061.41,4115.68,0,21941,0.0
2021-05-20 00:00:00+00:00,4121.97,4172.8,4121.97,4159.12,0,20984,0.0
2021-05-21 00:00:00+00:00,4168.61,4188.72,4151.72,4155.86,0,20898,0.0
2021-05-24 00:00:00+00:00,4170.16,4209.52,4170.16,4197.05,0,20157,0.0
2021-05-25 00:00:00+00:00,4205.94,4213.42,4182.52,4188.13,0,20826,0.0
2021-05-26 00:00:00+00:00,4191.59,4202.61,4184.11,4195.99,0,20134,0.0
2021-05-27 00:00:00+00:00,4201.94,4213.38,4197.78,4200.88,0,20239,0.0
2021-05-28 00:00:00+00:00,4210.77,4218.36,4203.57,4204.11,0,20082,0.0
2021-06-01 00:00:00+00:00,4216.52,4234.12,4197.59,4202.04,0,20361,0.0
2021-06-02 00:00:00+00:00,4206.82,4217.37,4198.27,4208.12,0,20451,0.0
2021-06-03 00:00:00+00:00,4191.43,4204.39,4167.93,4192.85,0,20840,0.0
2021-06-04 00:00:00+00:00,4206.05,4233.45,4206.05,4229.89,0,19820,0.0
2021-06-07 00:00:00+00:00,4229.34,4232.34,4215.66,4226.52,0,20504,0.0
2021-06-08 00:00:00+00:00,4233.81,4236.74,4208.41,4227.26,0,20447,0.0
2021-06-09 00:00:00+00:00,4232.99,4237.09,4218.74,4219.55,0,20067,0.0
2021-06-10 00:00:00+00:00,4228.56,4249.74,4220.34,4239.18,0,20500,0.0
2021-06-11 00:00:00+00:00,4242.9,4248.38,4232.25,4247.44,0,19625,0.0
2021-06-14 00:00:00+00:00,4248.31,4255.15,4234.07,4255.15,0,20129,0.0
2021-06-15 00:00:00+00:00,4255.28,4257.16,4238.35,4246.59,0,20093,0.0
2021-06-16 00:00:00+00:00,4248.87,4251.89,4202.45,4223.7,0,21062,0.0
2021-06-17 00:00:00+00:00,4220.37,4232.29,4196.05,4221.86,0,21436,0.0
2021-06-18 00:00:00+00:00,4204.78,4204.78,4164.4,4166.45,0,21340,0.0
2021-06-21 00:00:00+00:00,4173.4,4226.24,4173.4,4224.79,0,20867,0.0
2021-06-22 00:00:00+00:00,4224.61,4255.84,4217.27,4246.44,0,20430,0.0
2021-06-23 00:00:00+00:00,4249.27,4256.6,4241.43,4241.84,0,20116,0.0
2021-06-24 00:00:00+00:00,4256.97,4271.28,4256.97,4266.49,0,20506,0.0
2021-06-25 00:00:00+00:00,4274.45,4286.12,4271.16,4280.7,0,19819,0.0
2021-06-28 00:00:00+00:00,4284.9,4292.14,4274.67,4290.61,0,20293,0.0
2021-06-29 00:00:00+00:00,4293.21,4300.52,4287.04,4291.8,0,20072,0.0
2021-06-30 00:00:00+00:00,4290.65,4302.43,4287.96,4297.5,0,19914,0.0
2021-07-01 00:00:00+00:00,4300.73,4320.66,4300.73,4319.94,0,20042,0.0
2021-07-02 00:00:00+00:00,4326.6,4355.43,4326.6,4352.34,0,19987,0.0
2021-07-06 00:00:00+00:00,4356.46,4356.46,4314.37,4343.54,0,20951,0.0
2021-07-07 00:00:00+00:00,4351.01,4361.88,4329.79,4358.13,0,21059,0.0
2021-07-08 00:00:00+00:00,4321.07,4330.88,4289.37,4320.82,0,21495,0.0
2021-07-09 00:00:00+00:00,4329.38,4371.6,4329.38,4369.55,0,20225,0.0
2021-07-12 00:00:00+00:00,4372.41,4386.68,4364.03,4384.63,0,20232,0.0
2021-07-13 00:00:00+00:00,4381.07,4392.37,4366.92,4369.21,0,20952,0.0
2021-07-14 00:00:00+00:00,4380.11,4393.68,4362.36,4374.3,0,21109,0.0
2021-07-15 00:00:00+00:00,4369.02,4369.02,4340.7,4360.03,0,21342,0.0
2021-07-16 00:00:00+00:00,4367.43,4375.09,4322.53,4327.16,0,21122,0.0
2021-07-19 00:00:00+00:00,4296.4,4296.4,4233.13,4258.49,0,22062,0.0
2021-07-20 00:00:00+00:00,4265.11,4336.84,4262.05,4323.06,0,21225,0.0
2021-07-21 00:00:00+00:00,4331.13,4359.7,4331.13,4358.69,0,20676,0.0
2021-07-22 00:00:00+00:00,4361.27,4369.87,4350.06,4367.48,0,20725,0.0
2021-07-23 00:00:00+00:00,4381.2,4415.18,4381.2,4411.79,0,20518,0.0
2021-07-26 00:00:00+00:00,4409.58,4422.73,4405.45,4422.3,0,20477,0.0
2021-07-27 00:00:00+00:00,4416.38,4416.38,4372.51,4401.46,0,21667,0.0
2021-07-28 00:00:00+00:00,4402.95,4415.47,4387.01,4400.64,0,21600,0.0
2021-07-29 00:00:00+00:00,4403.59,4429.97,4403.59,4419.15,0,20712,0.0
2021-07-30 00:00:00+00:00,4395.12,4412.25,4389.65,4395.26,0,21017,0.0
2021-08-02 00:00:00+00:00,4406.86,4422.18,4384.81,4387.16,0,21112,0.0
2021-08-03 00:00:00+00:00,4392.74,4423.79,4373.0,4423.15,0,21173,0.0
2021-08-04 00:00:00+00:00,4415.95,4416.17,4400.23,4402.66,0,21057,0.0
2021-08-05 00:00:00+00:00,4408.86,4429.76,4408.86,4429.1,0,20214,0.0
2021-08-06 00:00:00+00:00,4429.07,4440.82,4429.07,4436.52,0,20072,0.0
2021-08-09 00:00:00+00:00,4437.77,4439.39,4424.74,4432.35,0,20003,0.0
2021-08-10 00:00:00+00:00,4435.79,4445.21,4430.03,4436.75,0,20471,0.0
2021-08-11 00:00:00+00:00,4442.18,4449.44,4436.42,4447.7,0,20520,0.0
2021-08-12 00:00:00+00:00,4446.08,4461.77,4435.96,4460.83,0,19984,0.0
2021-08-13 00:00:00+00:00,4464.84,4468.37,4460.82,4468.0,0,19555,0.0
2021-08-16 00:00:00+00:00,4461.65,4480.26,4437.66,4479.71,0,20747,0.0
2021-08-17 00:00:00+00:00,4462.12,4462.12,4417.83,4448.08,0,21525,0.0
2021-08-18 00:00:00+00:00,4440.94,4454.32,4397.59,4400.27,0,21152,0.0
2021-08-19 00:00:00+00:00,4382.44,4418.61,4367.73,4405.8,0,21772,0.0
2021-08-20 00:00:00+00:00,4410.56,4444.35,4406.8,4441.67,0,20904,0.0
2021-08-23 00:00:00+00:00,4450.29,4489.88,4450.29,4479.53,0,20238,0.0
2021-08-24 00:00:00+00:00,4484.4,4492.81,4482.28,4486.23,0,19892,0.0
2021-08-25 00:00:00+00:00,4490.45,4501.71,4485.66,4496.19,0,20107,0.0
2021-08-26 00:00:00+00:00,4493.75,4495.9,4468.99,4470.0,0,20518,0.0
2021-08-27 00:00:00+00:00,4474.1,4513.33,4474.1,4509.37,0,20003,0.0
2021-08-30 00:00:00+00:00,4513.76,4537.36,4513.76,4528.79,0,20342,0.0
2021-08-31 00:00:00+00:00,4529.75,4531.39,4515.8,4522.68,0,20643,0.0
2021-09-01 00:00:00+00:00,4528.8,4537.11,4522.02,4524.09,0,20616,0.0
2021-09-02 00:00:00+00:00,4534.48,4545.85,4524.66,4536.95,0,20669,0.0
2021-09-03 00:00:00+00:00,4532.42,4541.45,4521.3,4535.43,0,20039,0.0
2021-09-07 00:00:00+00:00,4535.38,4535.38,4513.0,4520.03,0,20507,0.0
2021-09-08 00:00:00+00:00,4518.09,4521.79,4493.95,4514.07,0,21014,0.0
2021-09-09 00:00:00+00:00,4513.02,4529.9,4492.07,4493.28,0,20916,0.0
2021-09-10 00:00:00+00:00,4506.92,4520.47,4457.66,4458.58,0,21217,0.0
2021-09-13 00:00:00+00:00,4474.81,4492.99,4445.7,4468.73,0,21508,0.0
2021-09-14 00:00:00+00:00,4479.33,4485.68,4435.46,4443.05,0,21221,0.0
2021-09-15 00:00:00+00:00,4447.49,4486.87,4438.37,4480.7,0,21019,0.0
2021-09-16 00:00:00+00:00,4477.09,4485.87,4443.8,4473.75,0,20624,0.0
2021-09-17 00:00:00+00:00,4469.74,4471.52,4427.76,4432.99,0,21250,0.0
2021-09-20 00:00:00+00:00,4402.95,4402.95,4305.91,4357.73,0,21917,0.0
2021-09-21 00:00:00+00:00,4374.45,4394.87,4347.96,4354.19,0,21522,0.0
2021-09-22 00:00:00+00:00,4367.43,4416.75,4367.43,4395.64,0,21299,0.0
2021-09-23 00:00:00+00:00,4406.75,4465.4,4406.75,4448.98,0,20652,0.0
2021-09-24 00:00:00+00:00,4438.04,4463.12,4430.27,4455.48,0,20468,0.0
2021-09-27 00:00:00+00:00,4442.12,4457.3,4436.19,4443.11,0,20991,0.0
2021-09-28 00:00:00+00:00,4419.54,4419.54,4346.33,4352.63,0,21944,0.0
2021-09-29 00:00:00+00:00,4362.41,4385.57,4355.08,4359.46,0,21469,0.0
2021-09-30 00:00:00+00:00,4370.67,4382.55,4306.53,4307.54,0,21719,0.0
2021-10-01 00:00:00+00:00,4317.16,4375.19,4288.52,4357.04,0,21562,0.0
2021-10-04 00:00:00+00:00,4348.84,4355.51,4278.94,4300.46,0,22022,0.0
2021-10-05 00:00:00+00:00,4309.87,4369.23,4309.87,4345.72,0,21296,0.0
2021-10-06 00:00:00+00:00,4319.57,4365.57,4290.49,4363.55,0,21675,0.0
2021-10-07 00:00:00+00:00,4383.73,4429.97,4383.73,4399.76,0,20734,0.0
2021-10-08 00:00:00+00:00,4406.51,4412.02,4386.22,4391.34,0,20700,0.0
2021-10-11 00:00:00+00:00,4385.44,4415.88,4360.59,4361.19,0,20761,0.0
2021-10-12 00:00:00+00:00,4368.31,4374.89,4342.09,4350.65,0,21102,0.0
2021-10-13 00:00:00+00:00,4358.01,4372.87,4329.92,4363.8,0,21035,0.0
2021-10-14 00:00:00+00:00,4386.75,4439.73,4386.75,4438.26,0,20339,0.0
2021-10-15 00:00:00+00:00,4447.69,4475.82,4447.69,4471.37,0,20406,0.0
2021-10-18 00:00:00+00:00,4463.72,4488.75,4447.47,4486.46,0,20472,0.0
2021-10-19 00:00:00+00:00,4497.34,4520.4,4496.41,4519.63,0,20205,0.0
2021-10-20 00:00:00+00:00,4524.42,4540.87,4524.4,4536.19,0,20580,0.0
2021-10-21 00:00:00+00:00,4532.24,4551.44,4526.89,4549.78,0,20327,0.0
2021-10-22 00:00:00+00:00,4546.12,4559.67,4524.0,4544.9,0,21020,0.0
2021-10-25 00:00:00+00:00,4553.69,4572.62,4537.36,4566.48,0,21039,0.0
2021-10-26 00:00:00+00:00,4578.69,4598.53,4569.17,4574.79,0,21693,0.0
2021-10-27 00:00:00+00:00,4580.22,4584.57,4551.68,4551.68,0,21596,0.0
2021-10-28 00:00:00+00:00,4562.84,4597.55,4562.84,4596.42,0,21406,0.0
2021-10-29 00:00:00+00:00,4572.87,4608.08,4567.59,4605.38,0,21283,0.0
2021-11-01 00:00:00+00:00,4610.62,4620.34,4595.06,4613.67,0,21264,0.0
2021-11-02 00:00:00+00:00,4613.34,4635.15,4613.34,4630.65,0,21344,0.0
2021-11-03 00:00:00+00:00,4630.65,4663.46,4621.19,4660.57,0,21351,0.0
2021-11-04 00:00:00+00:00,4662.93,4683.0,4662.59,4680.06,0,21681,0.0
2021-11-05 00:00:00+00:00,4699.26,4718.5,4681.32,4697.53,0,21659,0.0
2021-11-08 00:00:00+00:00,4701.48,4714.92,4694.39,4701.7,0,21235,0.0
2021-11-09 00:00:00+00:00,4707.25,4708.53,4670.87,4685.25,0,21936,0.0
2021-11-10 00:00:00+00:00,4670.26,4684.85,4630.86,4646.71,0,21873,0.0
2021-11-11 00:00:00+00:00,4659.39,4664.55,4648.31,4649.27,0,20979,0.0
2021-11-12 00:00:00+00:00,4655.24,4688.47,4650.77,4682.85,0,20942,0.0
2021-11-15 00:00:00+00:00,4689.3,4697.42,4672.86,4682.8,0,21122,0.0
2021-11-16 00:00:00+00:00,4679.42,4714.95,4679.42,4700.9,0,21021,0.0
2021-11-17 00:00:00+00:00,4701.5,4701.5,4684.41,4688.67,0,21522,0.0
2021-11-18 00:00:00+00:00,4700.72,4708.8,4672.78,4704.54,0,21758,0.0
2021-11-19 00:00:00+00:00,4708.44,4717.75,4694.22,4697.96,0,21603,0.0
2021-11-22 00:00:00+00:00,4712.0,4743.83,4682.17,4682.94,0,21991,0.0
2021-11-23 00:00:00+00:00,4678.48,4699.39,4652.66,4690.7,0,22263,0.0
2021-11-24 00:00:00+00:00,4675.78,4702.87,4659.89,4701.46,0,21698,0.0
2021-11-26 00:00:00+00:00,4664.63,4664.63,4585.43,4594.62,0,12146,0.0
2021-11-29 00:00:00+00:00,4628.75,4672.95,4625.26,4655.27,0,21757,0.0
2021-11-30 00:00:00+00:00,4640.25,4646.02,4560.0,4567.0,0,22423,0.0
2021-12-01 00:00:00+00:00,4602.82,4652.94,4510.27,4513.04,0,22431,0.0
2021-12-02 00:00:00+00:00,4504.73,4595.46,4504.73,4577.1,0,22458,0.0
2021-12-03 00:00:00+00:00,4589.49,4608.03,4495.12,4538.43,0,22555,0.0
2021-12-06 00:00:00+00:00,4548.37,4612.6,4540.51,4591.67,0,22285,0.0
2021-12-07 00:00:00+00:00,4631.97,4694.04,4631.97,4686.75,0,21635,0.0
2021-12-08 00:00:00+00:00,4690.86,4705.06,4674.52,4701.21,0,21607,0.0
2021-12-09 00:00:00+00:00,4691.0,4695.26,4665.98,4667.45,0,21735,0.0
2021-12-10 00:00:00+00:00,4687.64,4713.57,4670.24,4712.02,0,21777,0.0
2021-12-13 00:00:00+00:00,4710.3,4710.3,4667.6,4668.97,0,21932,0.0
2021-12-14 00:00:00+00:00,4642.99,4660.47,4606.52,4634.09,0,22115,0.0
2021-12-15 00:00:00+00:00,4636.46,4712.6,4611.22,4709.85,0,22211,0.0
2021-12-16 00:00:00+00:00,4719.13,4731.99,4651.89,4668.67,0,22359,0.0
2021-12-17 00:00:00+00:00,4652.5,4666.7,4600.22,4620.64,0,22295,0.0
2021-12-20 00:00:00+00:00,4587.9,4587.9,4531.1,4568.02,0,22132,0.0
2021-12-21 00:00:00+00:00,4594.96,4651.14,4583.16,4649.23,0,21793,0.0
2021-12-22 00:00:00+00:00,4650.36,4697.67,4645.53,4696.56,0,21485,0.0
2021-12-23 00:00:00+00:00,4703.96,4740.74,4703.96,4725.79,0,21075,0.0
2021-12-27 00:00:00+00:00,4733.99,4791.29,4733.99,4791.19,0,21097,0.0
2021-12-28 00:00:00+00:00,4795.49,4807.02,4780.04,4786.35,0,21364,0.0
2021-12-29 00:00:00+00:00,4788.64,4804.06,4778.08,4793.06,0,21074,0.0
2021-12-30 00:00:00+00:00,4794.23,4808.93,4775.33,4778.73,0,20729,0.0
2021-12-31 00:00:00+00:00,4775.21,4786.83,4765.75,4766.18,0,20645,0.0
2022-01-03 00:00:00+00:00,4778.14,4796.56,4758.17,4796.56,0,21655,0.0
2022-01-04 00:00:00+00:00,4804.51,4818.62,4774.27,4793.54,0,22012,0.0
2022-01-05 00:00:00+00:00,4787.99,4797.7,4699.44,4700.58,0,22180,0.0
2022-01-06 00:00:00+00:00,4693.39,4725.01,4671.26,4696.05,0,22256,0.0
2022-01-07 00:00:00+00:00,4697.66,4707.95,4662.74,4677.03,0,22002,0.0
2022-01-10 00:00:00+00:00,4655.34,4673.02,4582.24,4670.29,0,22360,0.0
2022-01-11 00:00:00+00:00,4669.14,4714.13,4638.27,4713.07,0,21962,0.0
2022-01-12 00:00:00+00:00,4728.59,4748.83,4706.71,4726.35,0,21907,0.0
2022-01-13 00:00:00+00:00,4733.56,4744.13,4650.29,4659.03,0,22212,0.0
2022-01-14 00:00:00+00:00,4637.99,4665.13,4614.75,4662.85,0,22246,0.0
2022-01-18 00:00:00+00:00,4632.24,4632.24,4568.7,4577.11,0,22124,0.0
2022-01-19 00:00:00+00:00,4588.03,4611.55,4530.2,4532.76,0,22322,0.0
2022-01-20 00:00:00+00:00,4547.35,4602.11,4477.95,4482.73,0,22118,0.0
2022-01-21 00:00:00+00:00,4471.38,4494.52,4395.34,4397.94,0,22681,0.0
2022-01-24 00:00:00+00:00,4356.32,4417.35,4222.62,4410.13,0,22971,0.0
2022-01-25 00:00:00+00:00,4366.64,4411.01,4287.11,4356.45,0,22735,0.0
2022-01-26 00:00:00+00:00,4408.43,4453.23,4304.8,4349.93,0,22623,0.0
2022-01-27 00:00:00+00:00,4380.58,4428.74,4309.5,4326.51,0,22721,0.0
2022-01-28 00:00:00+00:00,4336.19,4432.72,4292.46,4431.85,0,22649,0.0
2022-01-31 00:00:00+00:00,4431.79,4516.89,4414.02,4515.55,0,22274,0.0
2022-02-01 00:00:00+00:00,4519.57,4550.49,4483.53,4546.54,0,22189,0.0
2022-02-02 00:00:00+00:00,4566.39,4595.31,4544.32,4589.38,0,22282,0.0
2022-02-03 00:00:00+00:00,4535.41,4542.88,4470.39,4477.44,0,22375,0.0
2022-02-04 00:00:00+00:00,4482.79,4539.66,4451.5,4500.53,0,22339,0.0
2022-02-07 00:00:00+00:00,4505.75,4521.86,4471.47,4483.87,0,22019,0.0
2022-02-08 00:00:00+00:00,4480.02,4531.32,4465.4,4521.54,0,21981,0.0
2022-02-09 00:00:00+00:00,4547.0,4590.03,4547.0,4587.18,0,21640,0.0
2022-02-10 00:00:00+00:00,4553.24,4588.92,4484.31,4504.08,0,22394,0.0
2022-02-11 00:00:00+00:00,4506.27,4526.33,4401.41,4418.64,0,22512,0.0
2022-02-14 00:00:00+00:00,4412.61,4426.22,4364.84,4401.67,0,22376,0.0
2022-02-15 00:00:00+00:00,4429.28,4472.77,4429.28,4471.07,0,21784,0.0
2022-02-16 00:00:00+00:00,4455.75,4489.55,4429.68,4475.01,0,21865,0.0
2022-02-17 00:00:00+00:00,4456.06,4456.06,4373.81,4380.26,0,21802,0.0
2022-02-18 00:00:00+00:00,4384.57,4394.6,4327.22,4348.87,0,22282,0.0
2022-02-22 00:00:00+00:00,4332.74,4362.12,4267.11,4304.76,0,22472,0.0
2022-02-23 00:00:00+00:00,4324.93,4341.51,4221.51,4225.5,0,22336,0.0
2022-02-24 00:00:00+00:00,4155.77,4294.73,4114.65,4288.7,0,22832,0.0
2022-02-25 00:00:00+00:00,4298.38,4385.34,4286.83,4384.65,0,22283,0.0
2022-02-28 00:00:00+00:00,4354.17,4388.84,4315.12,4373.94,0,22411,0.0
2022-03-01 00:00:00+00:00,4363.14,4378.45,4279.54,4306.26,0,22458,0.0
2022-03-02 00:00:00+00:00,4322.56,4401.48,4322.56,4386.54,0,22196,0.0
2022-03-03 00:00:00+00:00,4401.31,4416.78,4345.56,4363.49,0,22235,0.0
2022-03-04 00:00:00+00:00,4342.12,4342.12,4284.98,4328.87,0,22350,0.0
2022-03-07 00:00:00+00:00,4327.01,4327.01,4199.85,4201.09,0,22515,0.0
2022-03-08 00:00:00+00:00,4202.66,4276.94,4157.87,4170.7,0,22824,0.0
2022-03-09 00:00:00+00:00,4223.1,4299.4,4223.1,4277.88,0,22287,0.0
2022-03-10 00:00:00+00:00,4252.55,4268.28,4209.8,4259.52,0,22234,0.0
2022-03-11 00:00:00+00:00,4279.5,4291.01,4200.49,4204.31,0,22065,0.0
2022-03-14 00:00:00+00:00,4202.75,4247.57,4161.72,4173.11,0,22264,0.0
2022-03-15 00:00:00+00:00,4188.82,4271.05,4187.9,4262.45,0,22178,0.0
2022-03-16 00:00:00+00:00,4288.14,4358.45,4251.99,4357.86,0,22361,0.0
2022-03-17 00:00:00+00:00,4345.11,4411.67,4335.65,4411.67,0,22024,0.0
2022-03-18 00:00:00+00:00,4407.34,4465.4,4390.57,4463.12,0,21935,0.0
2022-03-21 00:00:00+00:00,4462.4,4481.75,4424.3,4461.18,0,22196,0.0
2022-03-22 00:00:00+00:00,4469.1,4522.0,4469.1,4511.61,0,21920,0.0
2022-03-23 00:00:00+00:00,4493.1,4501.07,4455.81,4456.24,0,22098,0.0
2022-03-24 00:00:00+00:00,4469.98,4520.58,4465.17,4520.16,0,21840,0.0
2022-03-25 00:00:00+00:00,4522.91,4546.03,4501.07,4543.06,0,21878,0.0
2022-03-28 00:00:00+00:00,4541.09,4575.65,4517.69,4575.52,0,21803,0.0
2022-03-29 00:00:00+00:00,4602.86,4637.3,4589.66,4631.6,0,21802,0.0
2022-03-30 00:00:00+00:00,4624.2,4627.77,4581.32,4602.45,0,21719,0.0
2022-03-31 00:00:00+00:00,4599.02,4603.07,4530.41,4530.41,0,21713,0.0
2022-04-01 00:00:00+00:00,4540.32,4548.7,4507.57,4545.86,0,21935,0.0
2022-04-04 00:00:00+00:00,4547.97,4583.5,4539.21,4582.64,0,21525,0.0
2022-04-05 00:00:00+00:00,4572.45,4593.45,4514.17,4525.12,0,21907,0.0
2022-04-06 00:00:00+00:00,4494.17,4503.94,4450.04,4481.15,0,22242,0.0
2022-04-07 00:00:00+00:00,4474.65,4521.16,4450.3,4500.21,0,22197,0.0
2022-04-08 00:00:00+00:00,4494.15,4520.41,4474.6,4488.28,0,21882,0.0
2022-04-11 00:00:00+00:00,4462.64,4464.35,4408.38,4412.53,0,21851,0.0
2022-04-12 00:00:00+00:00,4437.59,4471.0,4381.34,4397.45,0,22115,0.0
2022-04-13 00:00:00+00:00,4394.3,4453.92,4392.7,4446.59,0,21755,0.0
2022-04-14 00:00:00+00:00,4449.12,4460.46,4390.77,4392.59,0,21664,0.0
2022-04-18 00:00:00+00:00,4385.63,4410.31,4370.3,4391.69,0,21747,0.0
2022-04-19 00:00:00+00:00,4390.63,4471.03,4390.63,4462.21,0,21557,0.0
2022-04-20 00:00:00+00:00,4472.26,4488.29,4448.76,4459.45,0,21855,0.0
2022-04-21 00:00:00+00:00,4489.17,4512.94,4384.47,4393.66,0,22297,0.0
2022-04-22 00:00:00+00:00,4385.83,4385.83,4267.62,4271.78,0,22171,0.0
2022-04-25 00:00:00+00:00,4255.34,4299.02,4200.82,4296.12,0,22555,0.0
2022-04-26 00:00:00+00:00,4278.14,4278.14,4175.2,4175.2,0,22412,0.0
2022-04-27 00:00:00+00:00,4186.52,4240.71,4162.9,4183.96,0,22632,0.0
2022-04-28 00:00:00+00:00,4222.58,4308.45,4188.63,4287.5,0,22512,0.0
2022-04-29 00:00:00+00:00,4253.75,4269.68,4124.28,4131.93,0,22478,0.0
2022-05-02 00:00:00+00:00,4130.61,4169.81,4062.51,4155.38,0,22741,0.0
2022-05-03 00:00:00+00:00,4159.78,4200.1,4147.08,4175.48,0,22411,0.0
2022-05-04 00:00:00+00:00,4181.18,4307.66,4148.91,4300.17,0,22496,0.0
2022-05-05 00:00:00+00:00,4270.43,4270.43,4106.01,4146.87,0,22743,0.0
2022-05-06 00:00:00+00:00,4128.17,4157.69,4067.91,4123.34,0,22736,0.0
2022-05-09 00:00:00+00:00,4081.27,4081.27,3975.48,3991.24,0,22598,0.0
2022-05-10 00:00:00+00:00,4035.18,4068.82,3958.17,4001.05,0,22773,0.0
2022-05-11 00:00:00+00:00,3990.08,4049.09,3928.82,3935.18,0,22621,0.0
2022-05-12 00:00:00+00:00,3903.95,3964.8,3858.87,3930.08,0,22764,0.0
2022-05-13 00:00:00+00:00,3963.9,4038.88,3963.9,4023.89,0,22282,0.0
2022-05-16 00:00:00+00:00,4013.02,4046.46,3983.99,4008.01,0,22427,0.0
2022-05-17 00:00:00+00:00,4052.0,4090.72,4033.93,4088.85,0,22232,0.0
2022-05-18 00:00:00+00:00,4051.98,4051.98,3911.91,3923.68,0,22369,0.0
2022-05-19 00:00:00+00:00,3899.0,3945.96,3876.58,3900.79,0,22697,0.0
2022-05-20 00:00:00+00:00,3927.76,3943.42,3810.32,3901.36,0,22677,0.0
2022-05-23 00:00:00+00:00,3919.42,3981.88,3909.04,3973.75,0,22393,0.0
2022-05-24 00:00:00+00:00,3942.94,3955.68,3875.13,3941.48,0,22557,0.0
2022-05-25 00:00:00+00:00,3929.59,3999.33,3925.03,3978.73,0,22419,0.0
2022-05-26 00:00:00+00:00,3984.6,4075.14,3984.6,4057.84,0,22031,0.0
2022-05-27 00:00:00+00:00,4077.43,4158.34,4077.43,4158.24,0,21663,0.0
2022-05-31 00:00:00+00:00,4151.09,4168.34,4104.88,4132.15,0,22334,0.0
2022-06-01 00:00:00+00:00,4149.78,4166.54,4073.85,4101.23,0,22374,0.0
2022-06-02 00:00:00+00:00,4095.41,4177.51,4074.37,4176.82,0,22103,0.0
2022-06-03 00:00:00+00:00,4137.57,4142.67,4098.67,4108.54,0,21951,0.0
2022-06-06 00:00:00+00:00,4134.72,4168.78,4109.18,4121.43,0,22198,0.0
2022-06-07 00:00:00+00:00,4096.47,4164.86,4080.19,4160.68,0,21805,0.0
2022-06-08 00:00:00+00:00,4147.12,4160.14,4107.2,4115.77,0,21887,0.0
2022-06-09 00:00:00+00:00,4101.65,4119.1,4017.17,4017.82,0,21889,0.0
2022-06-10 00:00:00+00:00,3974.39,3974.39,3900.16,3900.86,0,22208,0.0
2022-06-13 00:00:00+00:00,3838.15,3838.15,3734.3,3749.63,0,22440,0.0
2022-06-14 00:00:00+00:00,3763.52,3778.18,3705.68,3735.48,0,22329,0.0
2022-06-15 00:00:00+00:00,3764.05,3837.56,3722.3,3789.99,0,22375,0.0
2022-06-16 00:00:00+00:00,3728.18,3728.18,3639.77,3666.77,0,22412,0.0
2022-06-17 00:00:00+00:00,3665.9,3707.71,3636.87,3674.84,0,22445,0.0
2022-06-21 00:00:00+00:00,3715.31,3779.65,3715.31,3764.79,0,21865,0.0
2022-06-22 00:00:00+00:00,3733.89,3801.79,3717.69,3759.89,0,22046,0.0
2022-06-23 00:00:00+00:00,3774.71,3802.58,3743.52,3795.73,0,22230,0.0
2022-06-24 00:00:00+00:00,3821.75,3912.71,3821.75,3911.74,0,21539,0.0
2022-06-27 00:00:00+00:00,3920.76,3927.72,3889.66,3900.11,0,21843,0.0
2022-06-28 00:00:00+00:00,3913.0,3945.86,3820.14,3821.55,0,22028,0.0
2022-06-29 00:00:00+00:00,3825.09,3836.5,3799.02,3818.83,0,21989,0.0
2022-06-30 00:00:00+00:00,3785.99,3818.99,3738.67,3785.38,0,22252,0.0
2022-07-01 00:00:00+00:00,3781.0,3829.82,3752.1,3825.33,0,22006,0.0
2022-07-05 00:00:00+00:00,3792.61,3831.8,3742.06,3831.39,0,22190,0.0
2022-07-06 00:00:00+00:00,3831.98,3870.91,3809.37,3845.08,0,22004,0.0
2022-07-07 00:00:00+00:00,3858.85,3910.63,3858.85,3902.62,0,21343,0.0
2022-07-08 00:00:00+00:00,3888.26,3918.5,3869.34,3899.38,0,21708,0.0
2022-07-11 00:00:00+00:00,3880.94,3880.94,3847.22,3854.43,0,21544,0.0
2022-07-12 00:00:00+00:00,3851.95,3873.41,3802.36,3818.8,0,21879,0.0
2022-07-13 00:00:00+00:00,3779.67,3829.44,3759.07,3801.78,0,22098,0.0
2022-07-14 00:00:00+00:00,3763.99,3796.41,3721.56,3790.38,0,22042,0.0
2022-07-15 00:00:00+00:00,3818.0,3863.62,3817.18,3863.16,0,21479,0.0
2022-07-18 00:00:00+00:00,3883.79,3902.44,3818.63,3830.85,0,21807,0.0
2022-07-19 00:00:00+00:00,3860.73,3939.81,3860.73,3936.69,0,21594,0.0
2022-07-20 00:00:00+00:00,3935.32,3974.13,3922.03,3959.9,0,21956,0.0
2022-07-21 00:00:00+00:00,3955.47,3998.95,3927.64,3998.95,0,21916,0.0
2022-07-22 00:00:00+00:00,3998.43,4012.44,3938.86,3961.63,0,22033,0.0
2022-07-25 00:00:00+00:00,3965.72,3975.3,3943.46,3966.84,0,21622,0.0
2022-07-26 00:00:00+00:00,3953.22,3953.22,3910.74,3921.05,0,21652,0.0
2022-07-27 00:00:00+00:00,3951.43,4039.56,3951.43,4023.61,0,21978,0.0
2022-07-28 00:00:00+00:00,4026.13,4078.95,3992.97,4072.43,0,21990,0.0
2022-07-29 00:00:00+00:00,4087.33,4140.15,4079.22,4130.29,0,21754,0.0
2022-08-01 00:00:00+00:00,4112.38,4144.95,4096.02,4118.63,0,22178,0.0
2022-08-02 00:00:00+00:00,4104.21,4140.47,4079.81,4091.19,0,22130,0.0
2022-08-03 00:00:00+00:00,4107.96,4167.66,4107.96,4155.17,0,21899,0.0
2022-08-04 00:00:00+00:00,4154.85,4161.29,4135.42,4151.94,0,21899,0.0
2022-08-05 00:00:00+00:00,4115.87,4151.58,4107.31,4145.19,0,21843,0.0
2022-08-08 00:00:00+00:00,4155.93,4186.62,4128.97,4140.06,0,22031,0.0
2022-08-09 00:00:00+00:00,4133.11,4137.3,4112.09,4122.47,0,21793,0.0
2022-08-10 00:00:00+00:00,4181.02,4211.03,4177.26,4210.24,0,21547,0.0
2022-08-11 00:00:00+00:00,4227.4,4257.91,4201.41,4207.27,0,21863,0.0
2022-08-12 00:00:00+00:00,4225.02,4280.47,4219.78,4280.15,0,21224,0.0
2022-08-15 00:00:00+00:00,4269.37,4301.79,4256.9,4297.14,0,21422,0.0
2022-08-16 00:00:00+00:00,4290.46,4325.28,4277.77,4305.2,0,21562,0.0
2022-08-17 00:00:00+00:00,4280.4,4302.18,4253.08,4274.04,0,21799,0.0
2022-08-18 00:00:00+00:00,4273.13,4292.53,4261.98,4283.74,0,21639,0.0
2022-08-19 00:00:00+00:00,4266.31,4266.31,4218.7,4228.48,0,21377,0.0
2022-08-22 00:00:00+00:00,4195.08,4195.08,4129.86,4137.99,0,21465,0.0
2022-08-23 00:00:00+00:00,4133.09,4159.77,4124.03,4128.73,0,21639,0.0
2022-08-24 00:00:00+00:00,4126.55,4156.56,4119.97,4140.77,0,21240,0.0
2022-08-25 00:00:00+00:00,4153.26,4200.54,4147.59,4199.12,0,21381,0.0
2022-08-26 00:00:00+00:00,4198.74,4203.04,4057.66,4057.66,0,21894,0.0
2022-08-29 00:00:00+00:00,4034.58,4062.99,4017.42,4030.61,0,21893,0.0
2022-08-30 00:00:00+00:00,4041.25,4044.98,3965.21,3986.16,0,22065,0.0
2022-08-31 00:00:00+00:00,4000.67,4015.37,3954.53,3955.0,0,21945,0.0
2022-09-01 00:00:00+00:00,3936.73,3970.23,3903.65,3966.85,0,22195,0.0
2022-09-02 00:00:00+00:00,3994.66,4018.43,3906.21,3924.26,0,22244,0.0
2022-09-06 00:00:00+00:00,3930.89,3942.55,3886.75,3908.19,0,22245,0.0
2022-09-07 00:00:00+00:00,3909.43,3987.89,3906.03,3979.87,0,21881,0.0
2022-09-08 00:00:00+00:00,3959.94,4010.5,3944.81,4006.18,0,22150,0.0
2022-09-09 00:00:00+00:00,4022.94,4076.81,4022.94,4067.36,0,21382,0.0
2022-09-12 00:00:00+00:00,4083.67,4119.28,4083.67,4110.41,0,21602,0.0
2022-09-13 00:00:00+00:00,4037.12,4037.12,3921.28,3932.69,0,22006,0.0
2022-09-14 00:00:00+00:00,3940.73,3961.94,3912.18,3946.01,0,22076,0.0
2022-09-15 00:00:00+00:00,3932.41,3959.14,3888.28,3901.35,0,22077,0.0
2022-09-16 00:00:00+00:00,3880.95,3880.95,3837.08,3873.33,0,22191,0.0
2022-09-19 00:00:00+00:00,3849.91,3900.45,3838.5,3899.89,0,21927,0.0
2022-09-20 00:00:00+00:00,3875.23,3876.01,3827.54,3855.93,0,21952,0.0
2022-09-21 00:00:00+00:00,3871.4,3907.07,3789.66,3789.93,0,21903,0.0
2022-09-22 00:00:00+00:00,3782.36,3790.9,3749.45,3757.99,0,22186,0.0
2022-09-23 00:00:00+00:00,3727.14,3727.14,3647.47,3693.23,0,22226,0.0
2022-09-26 00:00:00+00:00,3682.72,3715.67,3644.76,3655.04,0,22367,0.0
2022-09-27 00:00:00+00:00,3686.44,3717.53,3623.29,3647.29,0,22325,0.0
2022-09-28 00:00:00+00:00,3651.94,3736.74,3640.61,3719.04,0,22166,0.0
2022-09-29 00:00:00+00:00,3687.01,3687.01,3610.4,3640.47,0,22148,0.0
2022-09-30 00:00:00+00:00,3633.48,3671.44,3584.13,3585.62,0,22255,0.0
2022-10-03 00:00:00+00:00,3609.78,3698.35,3604.93,3678.43,0,22018,0.0
2022-10-04 00:00:00+00:00,3726.46,3791.87,3726.46,3790.93,0,22053,0.0
2022-10-05 00:00:00+00:00,3753.25,3806.91,3722.66,3783.28,0,22089,0.0
2022-10-06 00:00:00+00:00,3771.97,3797.93,3739.22,3744.52,0,22040,0.0
2022-10-07 00:00:00+00:00,3706.74,3706.74,3620.73,3639.66,0,21943,0.0
2022-10-10 00:00:00+00:00,3647.51,3652.17,3588.1,3612.39,0,22117,0.0
2022-10-11 00:00:00+00:00,3595.86,3640.66,3568.45,3588.84,0,22367,0.0
2022-10-12 00:00:00+00:00,3590.83,3608.34,3573.86,3577.03,0,22028,0.0
2022-10-13 00:00:00+00:00,3520.37,3685.41,3491.58,3669.91,0,22552,0.0
2022-10-14 00:00:00+00:00,3690.41,3712.0,3579.68,3583.07,0,22194,0.0
2022-10-17 00:00:00+00:00,3638.65,3689.73,3638.65,3677.95,0,21882,0.0
2022-10-18 00:00:00+00:00,3746.26,3762.79,3686.53,3719.98,0,22221,0.0
2022-10-19 00:00:00+00:00,3703.11,3728.58,3666.51,3695.16,0,22001,0.0
2022-10-20 00:00:00+00:00,3689.05,3736.0,3656.44,3665.78,0,22065,0.0
2022-10-21 00:00:00+00:00,3657.1,3757.89,3647.42,3752.75,0,22117,0.0
2022-10-24 00:00:00+00:00,3762.01,3810.74,3741.65,3797.34,0,22052,0.0
2022-10-25 00:00:00+00:00,3799.44,3862.85,3799.44,3859.11,0,21655,0.0
2022-10-26 00:00:00+00:00,3825.97,3886.15,3824.07,3830.6,0,22183,0.0
2022-10-27 00:00:00+00:00,3834.69,3859.95,3803.79,3807.3,0,22116,0.0
2022-10-28 00:00:00+00:00,3808.26,3905.42,3808.26,3901.06,0,21906,0.0
2022-10-31 00:00:00+00:00,3881.85,3893.73,3863.18,3871.98,0,21948,0.0
2022-11-01 00:00:00+00:00,3901.79,3911.79,3843.8,3856.1,0,21983,0.0
2022-11-02 00:00:00+00:00,3852.9,3894.44,3758.98,3759.69,0,22076,0.0
2022-11-03 00:00:00+00:00,3733.25,3750.59,3698.15,3719.89,0,21971,0.0
2022-11-04 00:00:00+00:00,3766.98,3796.34,3708.84,3770.55,0,22374,0.0
2022-11-07 00:00:00+00:00,3780.71,3813.95,3764.7,3806.8,0,21692,0.0
2022-11-08 00:00:00+00:00,3817.02,3859.4,3786.28,3828.11,0,21908,0.0
2022-11-09 00:00:00+00:00,3810.94,3818.2,3744.22,3748.57,0,21935,0.0
2022-11-10 00:00:00+00:00,3859.89,3958.33,3859.89,3956.37,0,22090,0.0
2022-11-11 00:00:00+00:00,3963.72,4001.48,3944.82,3992.93,0,22166,0.0
2022-11-14 00:00:00+00:00,3977.97,4008.97,3956.4,3957.25,0,21897,0.0
2022-11-15 00:00:00+00:00,4006.41,4028.84,3953.17,3991.73,0,22330,0.0
2022-11-16 00:00:00+00:00,3976.82,3983.09,3954.34,3958.79,0,21741,0.0
2022-11-17 00:00:00+00:00,3919.26,3954.33,3906.54,3946.56,0,21751,0.0
2022-11-18 00:00:00+00:00,3966.39,3979.89,3935.98,3965.34,0,21697,0.0
2022-11-21 00:00:00+00:00,3956.23,3962.0,3933.34,3949.94,0,21508,0.0
2022-11-22 00:00:00+00:00,3965.51,4005.88,3956.88,4003.58,0,21087,0.0
2022-11-23 00:00:00+00:00,4000.3,4033.78,3998.66,4027.26,0,21299,0.0
2022-11-25 00:00:00+00:00,4023.34,4034.02,4020.76,4026.12,0,11392,0.0
2022-11-28 00:00:00+00:00,4005.36,4012.27,3955.77,3963.94,0,21192,0.0
2022-11-29 00:00:00+00:00,3964.19,3976.77,3937.65,3957.63,0,21434,0.0
2022-11-30 00:00:00+00:00,3957.18,4080.11,3938.58,4080.11,0,21834,0.0
2022-12-01 00:00:00+00:00,4087.14,4100.51,4050.87,4076.57,0,21774,0.0
2022-12-02 00:00:00+00:00,4040.17,4080.48,4026.63,4071.7,0,21444,0.0
2022-12-05 00:00:00+00:00,4052.02,4052.45,3984.49,3998.84,0,21492,0.0
2022-12-06 00:00:00+00:00,3996.63,4001.51,3918.39,3941.26,0,21758,0.0
2022-12-07 00:00:00+00:00,3933.28,3957.57,3922.68,3933.92,0,21773,0.0
2022-12-08 00:00:00+00:00,3947.79,3974.19,3935.83,3963.51,0,21612,0.0
2022-12-09 00:00:00+00:00,3954.17,3977.02,3933.04,3934.38,0,21564,0.0
2022-12-12 00:00:00+00:00,3939.29,3990.56,3935.3,3990.56,0,21316,0.0
2022-12-13 00:00:00+00:00,4069.38,4100.96,3993.03,4019.65,0,22391,0.0
2022-12-14 00:00:00+00:00,4015.54,4053.76,3965.65,3995.32,0,22077,0.0
2022-12-15 00:00:00+00:00,3958.37,3958.37,3879.45,3895.75,0,21846,0.0
2022-12-16 00:00:00+00:00,3890.91,3890.91,3827.91,3852.36,0,21860,0.0
2022-12-19 00:00:00+00:00,3853.79,3854.86,3800.04,3817.66,0,21639,0.0
2022-12-20 00:00:00+00:00,3810.47,3838.24,3795.62,3821.62,0,21801,0.0
2022-12-21 00:00:00+00:00,3839.49,3889.82,3839.49,3878.44,0,21422,0.0
2022-12-22 00:00:00+00:00,3853.26,3853.26,3764.49,3822.39,0,21804,0.0
2022-12-23 00:00:00+00:00,3815.11,3845.8,3797.01,3844.82,0,21655,0.0
2022-12-27 00:00:00+00:00,3843.34,3846.65,3813.22,3829.25,0,21362,0.0
2022-12-28 00:00:00+00:00,3829.56,3848.32,3780.78,3783.22,0,21474,0.0
2022-12-29 00:00:00+00:00,3805.45,3858.19,3805.45,3849.28,0,21094,0.0
2022-12-30 00:00:00+00:00,3829.06,3839.85,3800.34,3839.5,0,21161,0.0
2023-01-03 00:00:00+00:00,3853.29,3878.46,3794.33,3824.14,0,21722,0.0
2023-01-04 00:00:00+00:00,3840.36,3873.16,3815.77,3852.97,0,21967,0.0
2023-01-05 00:00:00+00:00,3839.74,3839.74,3802.42,3808.1,0,21657,0.0
2023-01-06 00:00:00+00:00,3823.37,3906.19,3809.56,3895.08,0,21661,0.0
2023-01-09 00:00:00+00:00,3910.82,3950.57,3890.42,3892.09,0,21595,0.0
2023-01-10 00:00:00+00:00,3888.57,3919.83,3877.29,3919.25,0,21512,0.0
2023-01-11 00:00:00+00:00,3932.35,3970.07,3928.54,3969.61,0,21178,0.0
2023-01-12 00:00:00+00:00,3977.57,3997.76,3937.56,3983.17,0,21915,0.0
2023-01-13 00:00:00+00:00,3960.6,4003.95,3947.67,3999.09,0,21282,0.0
2023-01-17 00:00:00+00:00,3999.28,4015.39,3984.57,3990.97,0,21236,0.0
2023-01-18 00:00:00+00:00,4002.25,4014.16,3926.59,3928.86,0,21621,0.0
2023-01-19 00:00:00+00:00,3911.84,3922.94,3885.54,3898.85,0,21630,0.0
2023-01-20 00:00:00+00:00,3909.04,3972.96,3897.86,3972.61,0,21344,0.0
2023-01-23 00:00:00+00:00,3978.14,4039.31,3971.64,4019.81,0,21625,0.0
2023-01-24 00:00:00+00:00,4001.74,4023.92,3989.79,4016.95,0,21565,0.0
2023-01-25 00:00:00+00:00,3982.71,4019.55,3949.06,4016.22,0,21854,0.0
2023-01-26 00:00:00+00:00,4036.08,4061.57,4013.29,4060.43,0,21623,0.0
2023-01-27 00:00:00+00:00,4053.72,4094.21,4048.7,4070.56,0,21615,0.0
2023-01-30 00:00:00+00:00,4049.27,4063.85,4015.55,4017.77,0,21730,0.0
2023-01-31 00:00:00+00:00,4020.85,4076.83,4020.44,4076.6,0,21379,0.0
2023-02-01 00:00:00+00:00,4070.07,4148.95,4037.2,4119.21,0,22000,0.0
2023-02-02 00:00:00+00:00,4158.68,4195.44,4141.88,4179.76,0,22214,0.0
2023-02-03 00:00:00+00:00,4136.69,4182.36,4123.36,4136.48,0,22437,0.0
2023-02-06 00:00:00+00:00,4119.57,4124.63,4093.38,4111.08,0,21949,0.0
2023-02-07 00:00:00+00:00,4105.35,4176.54,4088.39,4164.0,0,22279,0.0
2023-02-08 00:00:00+00:00,4153.47,4156.85,4111.67,4117.86,0,22094,0.0
2023-02-09 00:00:00+00:00,4144.25,4156.23,4069.67,4081.5,0,22037,0.0
2023-02-10 00:00:00+00:00,4068.92,4094.36,4060.79,4090.46,0,21886,0.0
2023-02-13 00:00:00+00:00,4096.62,4138.9,4092.67,4137.29,0,21598,0.0
2023-02-14 00:00:00+00:00,4126.7,4159.77,4095.01,4136.13,0,22112,0.0
2023-02-15 00:00:00+00:00,4119.5,4147.72,4103.98,4147.6,0,21698,0.0
2023-02-16 00:00:00+00:00,4114.75,4136.54,4089.49,4090.41,0,21826,0.0
2023-02-17 00:00:00+00:00,4077.39,4081.51,4047.95,4079.09,0,21661,0.0
2023-02-21 00:00:00+00:00,4052.35,4052.35,3995.19,3997.34,0,21543,0.0
2023-02-22 00:00:00+00:00,4001.83,4017.37,3976.9,3991.05,0,21876,0.0
2023-02-23 00:00:00+00:00,4018.6,4028.3,3969.19,4012.32,0,21828,0.0
2023-02-24 00:00:00+00:00,3973.24,3978.25,3943.08,3970.04,0,21637,0.0
2023-02-27 00:00:00+00:00,3992.36,4018.05,3973.55,3982.24,0,21306,0.0
2023-02-28 00:00:00+00:00,3977.19,3997.5,3969.28,3970.15,0,21395,0.0
2023-03-01 00:00:00+00:00,3963.34,3971.73,3939.05,3951.39,0,21575,0.0
2023-03-02 00:00:00+00:00,3938.68,3990.84,3928.16,3981.35,0,21539,0.0
2023-03-03 00:00:00+00:00,3998.02,4048.29,3995.17,4045.64,0,21292,0.0
2023-03-06 00:00:00+00:00,4055.15,4078.49,4044.61,4048.42,0,21398,0.0
2023-03-07 00:00:00+00:00,4048.26,4050.0,3980.31,3986.37,0,21948,0.0
2023-03-08 00:00:00+00:00,3987.55,4000.41,3969.76,3992.01,0,21574,0.0
2023-03-09 00:00:00+00:00,3998.66,4017.81,3908.7,3918.32,0,21877,0.0
2023-03-10 00:00:00+00:00,3912.77,3934.05,3846.32,3861.59,0,22453,0.0
2023-03-13 00:00:00+00:00,3835.12,3905.05,3808.86,3855.76,0,22670,0.0
2023-03-14 00:00:00+00:00,3894.01,3937.29,3873.63,3919.29,0,22223,0.0
2023-03-15 00:00:00+00:00,3876.74,3894.26,3838.24,3891.93,0,22573,0.0
2023-03-16 00:00:00+00:00,3878.93,3964.46,3864.11,3960.28,0,22303,0.0
2023-03-17 00:00:00+00:00,3958.69,3958.91,3901.27,3916.64,0,22230,0.0
2023-03-20 00:00:00+00:00,3917.47,3956.62,3916.89,3951.57,0,22004,0.0
2023-03-21 00:00:00+00:00,3975.89,4009.08,3971.19,4002.87,0,21692,0.0
2023-03-22 00:00:00+00:00,4002.04,4039.49,3936.34,3936.97,0,21926,0.0
2023-03-23 00:00:00+00:00,3959.21,4007.66,3919.05,3948.72,0,22259,0.0
2023-03-24 00:00:00+00:00,3939.21,3972.74,3909.16,3970.99,0,22103,0.0
2023-03-27 00:00:00+00:00,3982.93,4003.83,3970.49,3977.53,0,21569,0.0
2023-03-28 00:00:00+00:00,3974.13,3979.2,3951.53,3971.27,0,21223,0.0
2023-03-29 00:00:00+00:00,3999.53,4030.59,3999.53,4027.81,0,21121,0.0
2023-03-30 00:00:00+00:00,4046.74,4057.85,4032.1,4050.83,0,21094,0.0
2023-03-31 00:00:00+00:00,4056.18,4110.75,4056.18,4109.31,0,20954,0.0
2023-04-03 00:00:00+00:00,4102.2,4127.66,4098.79,4124.51,0,21180,0.0
2023-04-04 00:00:00+00:00,4128.03,4133.13,4086.87,4100.6,0,21461,0.0
2023-04-05 00:00:00+00:00,4094.5,4099.69,4072.56,4090.38,0,21304,0.0
2023-04-06 00:00:00+00:00,4081.15,4107.32,4069.84,4105.02,0,21291,0.0
2023-04-10 00:00:00+00:00,4085.2,4109.11,4072.55,4109.11,0,21106,0.0
2023-04-11 00:00:00+00:00,4110.29,4124.26,4102.61,4108.94,0,20979,0.0
2023-04-12 00:00:00+00:00,4121.72,4134.37,4086.94,4091.95,0,21610,0.0
2023-04-13 00:00:00+00:00,4100.04,4150.26,4099.4,4146.22,0,21115,0.0
2023-04-14 00:00:00+00:00,4140.11,4163.19,4113.2,4137.64,0,21447,0.0
2023-04-17 00:00:00+00:00,4137.17,4151.4,4123.18,4151.32,0,21094,0.0
2023-04-18 00:00:00+00:00,4164.26,4169.48,4140.36,4154.87,0,21003,0.0
2023-04-19 00:00:00+00:00,4139.33,4162.57,4134.49,4154.52,0,20917,0.0
2023-04-20 00:00:00+00:00,4130.48,4148.57,4114.57,4129.79,0,21217,0.0
2023-04-21 00:00:00+00:00,4132.14,4138.02,4113.86,4133.52,0,21332,0.0
2023-04-24 00:00:00+00:00,4132.07,4142.41,4117.77,4137.04,0,20971,0.0
2023-04-25 00:00:00+00:00,4126.43,4126.43,4071.38,4071.63,0,21496,0.0
2023-04-26 00:00:00+00:00,4087.78,4089.67,4049.35,4055.99,0,21646,0.0
2023-04-27 00:00:00+00:00,4075.29,4138.24,4075.29,4135.35,0,21378,0.0
2023-04-28 00:00:00+00:00,4129.63,4169.96,4127.18,4169.48,0,21348,0.0
2023-05-01 00:00:00+00:00,4166.79,4186.92,4164.12,4167.87,0,21284,0.0
2023-05-02 00:00:00+00:00,4164.1,4164.1,4089.72,4119.58,0,21650,0.0
2023-05-03 00:00:00+00:00,4122.25,4148.3,4088.86,4090.75,0,21866,0.0
2023-05-04 00:00:00+00:00,4082.55,4082.61,4048.28,4061.22,0,21892,0.0
2023-05-05 00:00:00+00:00,4084.73,4147.02,4084.73,4136.25,0,21257,0.0
2023-05-08 00:00:00+00:00,4136.98,4142.3,4123.81,4138.12,0,21084,0.0
2023-05-09 00:00:00+00:00,4124.25,4130.35,4116.65,4119.17,0,20836,0.0
2023-05-10 00:00:00+00:00,4143.74,4154.28,4098.92,4137.64,0,21616,0.0
2023-05-11 00:00:00+00:00,4132.24,4132.8,4109.29,4130.62,0,21343,0.0
2023-05-12 00:00:00+00:00,4138.54,4143.74,4099.12,4124.08,0,21220,0.0
2023-05-15 00:00:00+00:00,4126.65,4141.25,4110.27,4136.28,0,20946,0.0
2023-05-16 00:00:00+00:00,4127.95,4135.54,4109.89,4109.9,0,21151,0.0
2023-05-17 00:00:00+00:00,4122.85,4164.67,4113.62,4158.77,0,21151,0.0
2023-05-18 00:00:00+00:00,4157.68,4202.2,4153.5,4198.05,0,21488,0.0
2023-05-19 00:00:00+00:00,4204.15,4212.91,4180.2,4191.98,0,21429,0.0
2023-05-22 00:00:00+00:00,4190.78,4209.22,4179.68,4192.63,0,21171,0.0
2023-05-23 00:00:00+00:00,4176.8,4185.68,4142.54,4145.58,0,21526,0.0
2023-05-24 00:00:00+00:00,4132.96,4132.96,4103.98,4115.24,0,21448,0.0
2023-05-25 00:00:00+00:00,4155.71,4165.74,4129.73,4151.28,0,21788,0.0
2023-05-26 00:00:00+00:00,4156.16,4212.87,4156.16,4205.45,0,21520,0.0
2023-05-30 00:00:00+00:00,4226.71,4231.1,4192.18,4205.52,0,21908,0.0
2023-05-31 00:00:00+00:00,4190.74,4195.44,4166.15,4179.83,0,21731,0.0
2023-06-01 00:00:00+00:00,4183.03,4232.43,4171.64,4221.02,0,21600,0.0
2023-06-02 00:00:00+00:00,4241.01,4290.67,4241.01,4282.37,0,21454,0.0
2023-06-05 00:00:00+00:00,4282.99,4299.28,4266.82,4273.79,0,21762,0.0
2023-06-06 00:00:00+00:00,4271.34,4288.33,4263.09,4283.85,0,21553,0.0
2023-06-07 00:00:00+00:00,4285.47,4299.19,4263.96,4267.52,0,21893,0.0
2023-06-08 00:00:00+00:00,4268.69,4298.01,4261.07,4293.93,0,21335,0.0
2023-06-09 00:00:00+00:00,4304.88,4322.62,4291.7,4298.86,0,21579,0.0
2023-06-12 00:00:00+00:00,4308.32,4340.13,4304.37,4338.93,0,21307,0.0
2023-06-13 00:00:00+00:00,4352.61,4375.37,4349.31,4369.01,0,21811,0.0
2023-06-14 00:00:00+00:00,4366.29,4391.82,4337.85,4372.59,0,21887,0.0
2023-06-15 00:00:00+00:00,4365.33,4439.2,4362.6,4425.84,0,21924,0.0
2023-06-16 00:00:00+00:00,4440.95,4448.47,4407.44,4409.59,0,21709,0.0
2023-06-20 00:00:00+00:00,4396.11,4400.15,4367.19,4388.71,0,21599,0.0
2023-06-21 00:00:00+00:00,4380.01,4386.22,4360.14,4365.69,0,21820,0.0
2023-06-22 00:00:00+00:00,4355.4,4382.25,4351.82,4381.89,0,21601,0.0
2023-06-23 00:00:00+00:00,4354.17,4366.55,4341.34,4348.33,0,21571,0.0
2023-06-26 00:00:00+00:00,4344.84,4362.06,4328.08,4328.82,0,21900,0.0
2023-06-27 00:00:00+00:00,4337.36,4384.42,4335.0,4378.41,0,21618,0.0
2023-06-28 00:00:00+00:00,4367.48,4390.35,4360.22,4376.86,0,21731,0.0
2023-06-29 00:00:00+00:00,4374.94,4398.39,4371.97,4396.44,0,21411,0.0
2023-06-30 00:00:00+00:00,4422.44,4458.48,4422.44,4450.38,0,21288,0.0
2023-07-03 00:00:00+00:00,4450.48,4456.46,4442.29,4455.59,0,11583,0.0
2023-07-05 00:00:00+00:00,4442.04,4454.06,4436.61,4446.82,0,21157,0.0
2023-07-06 00:00:00+00:00,4422.62,4422.62,4385.05,4411.59,0,21325,0.0
2023-07-07 00:00:00+00:00,4404.54,4440.39,4397.4,4398.95,0,21116,0.0
2023-07-10 00:00:00+00:00,4394.23,4412.6,4389.92,4409.53,0,21527,0.0
2023-07-11 00:00:00+00:00,4415.55,4443.64,4408.46,4439.26,0,21230,0.0
2023-07-12 00:00:00+00:00,4467.69,4488.34,4463.23,4472.16,0,21518,0.0
2023-07-13 00:00:00+00:00,4491.5,4517.38,4489.36,4510.04,0,21056,0.0
2023-07-14 00:00:00+00:00,4514.61,4527.76,4499.56,4505.42,0,21630,0.0
2023-07-17 00:00:00+00:00,4508.86,4532.85,4504.9,4522.79,0,21239,0.0
2023-07-18 00:00:00+00:00,4521.78,4562.3,4514.59,4554.98,0,21753,0.0
2023-07-19 00:00:00+00:00,4563.87,4578.43,4557.48,4565.72,0,21853,0.0
2023-07-20 00:00:00+00:00,4554.38,4564.74,4527.56,4534.87,0,21941,0.0
2023-07-21 00:00:00+00:00,4550.16,4555.0,4535.79,4536.34,0,21878,0.0
2023-07-24 00:00:00+00:00,4543.39,4563.41,4541.29,4554.64,0,21478,0.0
2023-07-25 00:00:00+00:00,4555.19,4580.62,4552.42,4567.46,0,21362,0.0
2023-07-26 00:00:00+00:00,4558.96,4582.47,4547.58,4566.75,0,21890,0.0
2023-07-27 00:00:00+00:00,4598.26,4607.07,4528.56,4537.41,0,22011,0.0
2023-07-28 00:00:00+00:00,4565.75,4590.16,4564.01,4582.23,0,21605,0.0
2023-07-31 00:00:00+00:00,4584.82,4594.22,4573.14,4588.96,0,21334,0.0
2023-08-01 00:00:00+00:00,4578.83,4584.62,4567.53,4576.73,0,21255,0.0
2023-08-02 00:00:00+00:00,4550.93,4550.93,4505.75,4513.39,0,21921,0.0
2023-08-03 00:00:00+00:00,4494.27,4519.49,4485.54,4501.89,0,21702,0.0
2023-08-04 00:00:00+00:00,4513.96,4540.34,4474.55,4478.03,0,21851,0.0
2023-08-07 00:00:00+00:00,4491.58,4519.84,4491.15,4518.44,0,21644,0.0
2023-08-08 00:00:00+00:00,4498.03,4503.31,4464.39,4499.38,0,21771,0.0
2023-08-09 00:00:00+00:00,4501.57,4502.44,4461.33,4467.71,0,21775,0.0
2023-08-10 00:00:00+00:00,4487.16,4527.37,4457.92,4468.83,0,22164,0.0
2023-08-11 00:00:00+00:00,4450.69,4476.23,4443.98,4464.05,0,21754,0.0
2023-08-14 00:00:00+00:00,4458.13,4489.99,4453.44,4489.72,0,21627,0.0
2023-08-15 00:00:00+00:00,4478.87,4478.87,4432.19,4437.86,0,21673,0.0
2023-08-16 00:00:00+00:00,4433.79,4449.95,4403.55,4404.33,0,21821,0.0
2023-08-17 00:00:00+00:00,4416.32,4421.17,4364.83,4370.36,0,21852,0.0
2023-08-18 00:00:00+00:00,4344.88,4381.82,4335.31,4369.71,0,21972,0.0
2023-08-21 00:00:00+00:00,4380.28,4407.55,4360.3,4399.77,0,21654,0.0
2023-08-22 00:00:00+00:00,4415.33,4418.59,4382.77,4387.55,0,21731,0.0
2023-08-23 00:00:00+00:00,4396.44,4443.18,4396.44,4436.01,0,21498,0.0
2023-08-24 00:00:00+00:00,4455.16,4458.3,4375.55,4376.31,0,22025,0.0
2023-08-25 00:00:00+00:00,4389.38,4418.46,4356.29,4405.71,0,22193,0.0
2023-08-28 00:00:00+00:00,4426.03,4439.56,4414.98,4433.31,0,21582,0.0
2023-08-29 00:00:00+00:00,4432.75,4500.14,4431.68,4497.63,0,21532,0.0
2023-08-30 00:00:00+00:00,4500.34,4521.65,4493.59,4514.87,0,21469,0.0
2023-08-31 00:00:00+00:00,4517.01,4532.26,4507.66,4507.66,0,21402,0.0
2023-09-01 00:00:00+00:00,4530.6,4541.25,4501.35,4515.77,0,21496,0.0
2023-09-05 00:00:00+00:00,4510.06,4514.29,4496.01,4496.83,0,21289,0.0
2023-09-06 00:00:00+00:00,4490.35,4490.35,4442.38,4465.48,0,21630,0.0
2023-09-07 00:00:00+00:00,4434.55,4457.81,4430.46,4451.14,0,21740,0.0
2023-09-08 00:00:00+00:00,4451.3,4473.53,4448.38,4457.49,0,21567,0.0
2023-09-11 00:00:00+00:00,4480.98,4490.77,4467.89,4487.46,0,21321,0.0
2023-09-12 00:00:00+00:00,4473.27,4487.11,4456.83,4461.9,0,21563,0.0
2023-09-13 00:00:00+00:00,4462.65,4479.39,4453.52,4467.44,0,21620,0.0
2023-09-14 00:00:00+00:00,4487.78,4511.99,4478.69,4505.1,0,21457,0.0
2023-09-15 00:00:00+00:00,4497.98,4497.98,4447.21,4450.32,0,21598,0.0
2023-09-18 00:00:00+00:00,4445.13,4466.36,4442.11,4453.53,0,21312,0.0
2023-09-19 00:00:00+00:00,4445.41,4449.85,4416.61,4443.95,0,21431,0.0
2023-09-20 00:00:00+00:00,4452.81,4461.03,4401.38,4402.2,0,21559,0.0
2023-09-21 00:00:00+00:00,4374.36,4375.7,4329.17,4330.0,0,21749,0.0
2023-09-22 00:00:00+00:00,4341.74,4357.4,4316.49,4320.06,0,21655,0.0
2023-09-25 00:00:00+00:00,4310.62,4338.51,4302.7,4337.44,0,21617,0.0
2023-09-26 00:00:00+00:00,4312.88,4313.01,4265.98,4273.53,0,21652,0.0
2023-09-27 00:00:00+00:00,4282.63,4292.07,4238.63,4274.51,0,21932,0.0
2023-09-28 00:00:00+00:00,4269.65,4317.27,4264.38,4299.7,0,21896,0.0
2023-09-29 00:00:00+00:00,4328.18,4333.15,4274.86,4288.05,0,22000,0.0
2023-10-02 00:00:00+00:00,4284.52,4300.58,4260.21,4288.39,0,21976,0.0
2023-10-03 00:00:00+00:00,4269.75,4281.15,4216.45,4229.45,0,21894,0.0
2023-10-04 00:00:00+00:00,4233.83,4268.5,4220.48,4263.75,0,21859,0.0
2023-10-05 00:00:00+00:00,4259.31,4267.13,4225.91,4258.19,0,21678,0.0
2023-10-06 00:00:00+00:00,4234.79,4324.1,4219.55,4308.5,0,21780,0.0
2023-10-09 00:00:00+00:00,4289.02,4341.73,4283.79,4335.66,0,21628,0.0
2023-10-10 00:00:00+00:00,4339.75,4385.46,4339.64,4358.24,0,21591,0.0
2023-10-11 00:00:00+00:00,4366.59,4378.64,4345.34,4376.95,0,21470,0.0
2023-10-12 00:00:00+00:00,4380.94,4385.85,4325.43,4349.61,0,21898,0.0
2023-10-13 00:00:00+00:00,4360.49,4377.1,4311.97,4327.78,0,21955,0.0
2023-10-16 00:00:00+00:00,4342.37,4383.33,4342.37,4373.63,0,21618,0.0
2023-10-17 00:00:00+00:00,4345.23,4393.57,4337.54,4373.2,0,21963,0.0
2023-10-18 00:00:00+00:00,4357.35,4364.2,4303.84,4314.6,0,22022,0.0
2023-10-19 00:00:00+00:00,4321.36,4339.54,4269.69,4278.0,0,22426,0.0
2023-10-20 00:00:00+00:00,4273.85,4276.56,4223.03,4224.16,0,22066,0.0
2023-10-23 00:00:00+00:00,4210.4,4255.84,4189.22,4217.04,0,22058,0.0
2023-10-24 00:00:00+00:00,4235.79,4259.38,4219.43,4247.68,0,21849,0.0
2023-10-25 00:00:00+00:00,4232.42,4232.42,4181.42,4186.77,0,22150,0.0
2023-10-26 00:00:00+00:00,4175.99,4183.6,4127.9,4137.23,0,22408,0.0
2023-10-27 00:00:00+00:00,4152.93,4156.7,4103.78,4117.37,0,22266,0.0
2023-10-30 00:00:00+00:00,4139.39,4177.47,4132.94,4166.82,0,22091,0.0
2023-10-31 00:00:00+00:00,4171.33,4195.55,4153.12,4193.8,0,21886,0.0
2023-11-01 00:00:00+00:00,4201.27,4245.64,4197.74,4237.86,0,22064,0.0
2023-11-02 00:00:00+00:00,4268.26,4319.72,4268.26,4317.78,0,21607,0.0
2023-11-03 00:00:00+00:00,4334.23,4373.62,4334.23,4358.34,0,21667,0.0
2023-11-06 00:00:00+00:00,4364.27,4372.21,4347.53,4365.98,0,21611,0.0
2023-11-07 00:00:00+00:00,4366.21,4386.26,4355.41,4378.38,0,21528,0.0
2023-11-08 00:00:00+00:00,4384.37,4391.2,4359.76,4382.78,0,21586,0.0
2023-11-09 00:00:00+00:00,4391.41,4393.4,4343.94,4347.35,0,21930,0.0
2023-11-10 00:00:00+00:00,4364.15,4418.03,4353.34,4415.24,0,21488,0.0
2023-11-13 00:00:00+00:00,4406.66,4421.76,4393.82,4411.55,0,21314,0.0
2023-11-14 00:00:00+00:00,4458.97,4508.67,4458.97,4495.7,0,21420,0.0
2023-11-15 00:00:00+00:00,4505.3,4521.17,4495.31,4502.88,0,21607,0.0
2023-11-16 00:00:00+00:00,4497.08,4511.99,4487.83,4508.24,0,21610,0.0
2023-11-17 00:00:00+00:00,4509.55,4520.12,4499.66,4514.02,0,21252,0.0
2023-11-20 00:00:00+00:00,4511.7,4557.11,4510.36,4547.38,0,21362,0.0
2023-11-21 00:00:00+00:00,4538.77,4542.14,4525.51,4538.19,0,21295,0.0
2023-11-22 00:00:00+00:00,4553.04,4568.43,4545.05,4556.62,0,21435,0.0
2023-11-24 00:00:00+00:00,4555.84,4560.31,4552.8,4559.34,0,11355,0.0
2023-11-27 00:00:00+00:00,4554.86,4560.52,4546.32,4550.43,0,20885,0.0
2023-11-28 00:00:00+00:00,4545.55,4568.14,4540.51,4554.89,0,21253,0.0
2023-11-29 00:00:00+00:00,4571.84,4587.64,4547.15,4550.58,0,21294,0.0
2023-11-30 00:00:00+00:00,4554.87,4569.89,4537.24,4567.8,0,21443,0.0
2023-12-01 00:00:00+00:00,4559.43,4599.39,4554.71,4594.63,0,21680,0.0
2023-12-04 00:00:00+00:00,4564.37,4572.37,4546.72,4569.78,0,21432,0.0
2023-12-05 00:00:00+00:00,4557.25,4578.56,4551.68,4567.18,0,21635,0.0
2023-12-06 00:00:00+00:00,4586.23,4590.74,4546.5,4549.34,0,21486,0.0
2023-12-07 00:00:00+00:00,4568.84,4590.92,4565.22,4585.59,0,21384,0.0
2023-12-08 00:00:00+00:00,4576.2,4609.23,4574.06,4604.37,0,21227,0.0
2023-12-11 00:00:00+00:00,4593.39,4623.71,4593.39,4622.44,0,21355,0.0
2023-12-12 00:00:00+00:00,4618.3,4643.7,4608.09,4643.7,0,21049,0.0
2023-12-13 00:00:00+00:00,4646.2,4709.69,4643.23,4707.09,0,21508,0.0
2023-12-14 00:00:00+00:00,4721.04,4738.57,4694.34,4719.55,0,21847,0.0
2023-12-15 00:00:00+00:00,4714.23,4725.53,4704.69,4719.19,0,21551,0.0
2023-12-18 00:00:00+00:00,4725.58,4749.52,4725.58,4740.56,0,21204,0.0
2023-12-19 00:00:00+00:00,4743.72,4768.69,4743.72,4768.37,0,20975,0.0
2023-12-20 00:00:00+00:00,4764.73,4778.01,4697.82,4698.35,0,21284,0.0
2023-12-21 00:00:00+00:00,4724.29,4748.71,4708.35,4746.75,0,21576,0.0
2023-12-22 00:00:00+00:00,4753.92,4772.94,4736.77,4754.63,0,21074,0.0
2023-12-26 00:00:00+00:00,4758.86,4784.72,4758.45,4774.75,0,20103,0.0
2023-12-27 00:00:00+00:00,4773.45,4785.39,4768.9,4781.58,0,20836,0.0
2023-12-28 00:00:00+00:00,4786.44,4793.3,4780.98,4783.35,0,20542,0.0
2023-12-29 00:00:00+00:00,4782.88,4788.43,4751.99,4769.83,0,21088,0.0
2024-01-02 00:00:00+00:00,4745.2,4754.33,4722.67,4742.83,0,21663,0.0
2024-01-03 00:00:00+00:00,4725.07,4729.29,4699.71,4704.81,0,21687,0.0
2024-01-04 00:00:00+00:00,4697.42,4726.78,4687.53,4688.68,0,21478,0.0
2024-01-05 00:00:00+00:00,4690.57,4721.49,4682.11,4697.24,0,21623,0.0
2024-01-08 00:00:00+00:00,4703.7,4764.54,4699.82,4763.54,0,21267,0.0
2024-01-09 00:00:00+00:00,4741.93,4765.47,4730.35,4756.5,0,21536,0.0
2024-01-10 00:00:00+00:00,4759.94,4790.8,4756.2,4783.45,0,21397,0.0
2024-01-11 00:00:00+00:00,4792.13,4798.5,4739.58,4780.24,0,21918,0.0
2024-01-12 00:00:00+00:00,4791.18,4802.4,4768.98,4783.83,0,21513,0.0
2024-01-16 00:00:00+00:00,4772.35,4782.34,4747.12,4765.98,0,21863,0.0
2024-01-17 00:00:00+00:00,4739.13,4744.23,4714.82,4739.21,0,21612,0.0
2024-01-18 00:00:00+00:00,4760.1,4785.79,4740.57,4780.94,0,21775,0.0
2024-01-19 00:00:00+00:00,4796.28,4842.07,4785.87,4839.81,0,21719,0.0
2024-01-22 00:00:00+00:00,4853.42,4868.41,4844.05,4850.43,0,21582,0.0
2024-01-23 00:00:00+00:00,4856.8,4866.48,4844.37,4864.6,0,21174,0.0
2024-01-24 00:00:00+00:00,4888.56,4903.68,4865.94,4868.55,0,21884,0.0
2024-01-25 00:00:00+00:00,4886.66,4898.15,4869.34,4894.16,0,21993,0.0
2024-01-26 00:00:00+00:00,4888.91,4906.69,4881.47,4890.97,0,21575,0.0
2024-01-29 00:00:00+00:00,4892.95,4929.31,4887.4,4927.93,0,21189,0.0
2024-01-30 00:00:00+00:00,4925.89,4931.09,4916.27,4924.97,0,21545,0.0
2024-01-31 00:00:00+00:00,4899.19,4906.75,4845.49,4845.65,0,22171,0.0
2024-02-01 00:00:00+00:00,4861.11,4906.56,4853.52,4906.19,0,21950,0.0
2024-02-02 00:00:00+00:00,4916.06,4975.29,4907.99,4958.61,0,22236,0.0
2024-02-05 00:00:00+00:00,4957.19,4957.19,4918.09,4942.81,0,21990,0.0
2024-02-06 00:00:00+00:00,4950.16,4957.77,4934.88,4954.23,0,22052,0.0
2024-02-07 00:00:00+00:00,4973.05,4999.89,4969.05,4995.06,0,21742,0.0
2024-02-08 00:00:00+00:00,4995.16,5000.4,4987.09,4997.91,0,21466,0.0
2024-02-09 00:00:00+00:00,5004.17,5030.06,5000.34,5026.61,0,21310,0.0
2024-02-12 00:00:00+00:00,5026.83,5048.39,5016.83,5021.84,0,21754,0.0
2024-02-13 00:00:00+00:00,4967.94,4971.3,4920.31,4953.17,0,22045,0.0
2024-02-14 00:00:00+00:00,4976.44,5002.52,4956.45,5000.62,0,21912,0.0
2024-02-15 00:00:00+00:00,5003.14,5032.72,4999.44,5029.73,0,21776,0.0
2024-02-16 00:00:00+00:00,5031.13,5038.7,4999.52,5005.57,0,21909,0.0
2024-02-20 00:00:00+00:00,4989.32,4993.71,4955.02,4975.51,0,22112,0.0
2024-02-21 00:00:00+00:00,4963.03,4983.21,4946.0,4981.8,0,22008,0.0
2024-02-22 00:00:00+00:00,5038.83,5094.39,5038.83,5087.03,0,21923,0.0
2024-02-23 00:00:00+00:00,5100.92,5111.06,5081.46,5088.8,0,21976,0.0
2024-02-26 00:00:00+00:00,5093.0,5097.66,5068.91,5069.53,0,21769,0.0
2024-02-27 00:00:00+00:00,5074.6,5080.69,5057.29,5078.18,0,21658,0.0
2024-02-28 00:00:00+00:00,5067.2,5077.37,5058.35,5069.76,0,21543,0.0
2024-02-29 00:00:00+00:00,5085.36,5104.99,5061.89,5096.27,0,21655,0.0
2024-03-01 00:00:00+00:00,5098.51,5140.33,5094.16,5137.08,0,21780,0.0
2024-03-04 00:00:00+00:00,5130.99,5149.67,5127.18,5130.95,0,21942,0.0
2024-03-05 00:00:00+00:00,5110.52,5114.54,5056.82,5078.65,0,22141,0.0
2024-03-06 00:00:00+00:00,5108.03,5127.97,5092.22,5104.76,0,22269,0.0
2024-03-07 00:00:00+00:00,5132.38,5165.62,5128.21,5157.36,0,21942,0.0
2024-03-08 00:00:00+00:00,5164.46,5189.26,5117.5,5123.69,0,22661,0.0
2024-03-11 00:00:00+00:00,5111.96,5124.66,5091.14,5117.94,0,22329,0.0
2024-03-12 00:00:00+00:00,5134.3,5179.87,5114.48,5175.27,0,22266,0.0
2024-03-13 00:00:00+00:00,5173.49,5179.14,5151.88,5165.31,0,22083,0.0
2024-03-14 00:00:00+00:00,5175.14,5176.85,5123.3,5150.48,0,22364,0.0
2024-03-15 00:00:00+00:00,5123.31,5136.86,5104.35,5117.09,0,22182,0.0
2024-03-18 00:00:00+00:00,5154.77,5175.6,5145.47,5149.42,0,22152,0.0
2024-03-19 00:00:00+00:00,5139.09,5180.31,5131.59,5178.51,0,22210,0.0
2024-03-20 00:00:00+00:00,5181.69,5226.19,5171.55,5224.62,0,22031,0.0
2024-03-21 00:00:00+00:00,5253.43,5261.1,5240.66,5241.53,0,22049,0.0
2024-03-22 00:00:00+00:00,5242.48,5246.09,5229.87,5234.18,0,21801,0.0
2024-03-25 00:00:00+00:00,5219.52,5229.09,5216.09,5218.19,0,21610,0.0
2024-03-26 00:00:00+00:00,5228.85,5235.16,5203.42,5203.58,0,21682,0.0
2024-03-27 00:00:00+00:00,5226.31,5249.19,5213.92,5248.49,0,21803,0.0
2024-03-28 00:00:00+00:00,5248.03,5264.85,5245.82,5254.35,0,21630,0.0
2024-04-01 00:00:00+00:00,5257.97,5263.95,5229.2,5243.77,0,21732,0.0
2024-04-02 00:00:00+00:00,5204.29,5208.34,5184.05,5205.81,0,21721,0.0
2024-04-03 00:00:00+00:00,5194.37,5228.75,5194.37,5211.49,0,21692,0.0
2024-04-04 00:00:00+00:00,5244.05,5256.59,5146.06,5147.21,0,21857,0.0
2024-04-05 00:00:00+00:00,5158.95,5222.18,5157.21,5204.34,0,21958,0.0
2024-04-08 00:00:00+00:00,5211.37,5219.57,5197.35,5202.39,0,21574,0.0
2024-04-09 00:00:00+00:00,5217.03,5224.81,5160.78,5209.91,0,22035,0.0
2024-04-10 00:00:00+00:00,5167.88,5178.43,5138.7,5160.64,0,22241,0.0
2024-04-11 00:00:00+00:00,5172.95,5211.78,5138.77,5199.06,0,21934,0.0
2024-04-12 00:00:00+00:00,5171.51,5175.03,5107.94,5123.41,0,22153,0.0
2024-04-15 00:00:00+00:00,5149.67,5168.43,5052.47,5061.82,0,22319,0.0
2024-04-16 00:00:00+00:00,5064.59,5079.84,5039.83,5051.41,0,22426,0.0
2024-04-17 00:00:00+00:00,5068.97,5077.96,5007.25,5022.21,0,22362,0.0
2024-04-18 00:00:00+00:00,5031.52,5056.66,5001.89,5011.12,0,22258,0.0
2024-04-19 00:00:00+00:00,5005.44,5019.02,4953.56,4967.23,0,22546,0.0
2024-04-22 00:00:00+00:00,4987.33,5038.84,4969.4,5010.6,0,22213,0.0
2024-04-23 00:00:00+00:00,5028.85,5076.12,5027.96,5070.55,0,22074,0.0
2024-04-24 00:00:00+00:00,5084.86,5089.48,5047.02,5071.63,0,22251,0.0
2024-04-25 00:00:00+00:00,5019.88,5057.75,4990.58,5048.42,0,22426,0.0
2024-04-26 00:00:00+00:00,5084.65,5114.62,5073.14,5099.96,0,22176,0.0
2024-04-29 00:00:00+00:00,5114.13,5123.49,5088.65,5116.17,0,22104,0.0
2024-04-30 00:00:00+00:00,5103.78,5110.83,5035.31,5035.69,0,22190,0.0
2024-05-01 00:00:00+00:00,5029.03,5096.12,5013.45,5018.39,0,22524,0.0
2024-05-02 00:00:00+00:00,5049.32,5073.21,5011.05,5064.2,0,22254,0.0
2024-05-03 00:00:00+00:00,5122.78,5139.12,5101.22,5127.79,0,22072,0.0
2024-05-06 00:00:00+00:00,5142.42,5180.85,5142.42,5180.74,0,21675,0.0
2024-05-07 00:00:00+00:00,5187.2,5200.23,5178.96,5187.7,0,21986,0.0
2024-05-08 00:00:00+00:00,5168.98,5191.95,5165.86,5187.67,0,21681,0.0
2024-05-09 00:00:00+00:00,5189.03,5215.3,5180.41,5214.08,0,21602,0.0
2024-05-10 00:00:00+00:00,5225.49,5239.66,5209.68,5222.68,0,21490,0.0
2024-05-13 00:00:00+00:00,5233.08,5237.26,5211.16,5221.42,0,21524,0.0
2024-05-14 00:00:00+00:00,5221.1,5250.37,5217.98,5246.68,0,21593,0.0
2024-05-15 00:00:00+00:00,5263.26,5311.76,5263.26,5308.15,0,21636,0.0
2024-05-16 00:00:00+00:00,5310.07,5325.49,5296.19,5297.1,0,21804,0.0
2024-05-17 00:00:00+00:00,5303.1,5305.45,5283.59,5303.27,0,21328,0.0
2024-05-20 00:00:00+00:00,5305.35,5325.32,5302.4,5308.13,0,21377,0.0
2024-05-21 00:00:00+00:00,5298.69,5324.32,5297.87,5321.41,0,21421,0.0
2024-05-22 00:00:00+00:00,5319.28,5323.18,5286.01,5307.01,0,21667,0.0
2024-05-23 00:00:00+00:00,5340.26,5341.88,5256.93,5267.84,0,22207,0.0
2024-05-24 00:00:00+00:00,5281.45,5311.65,5278.39,5304.72,0,21460,0.0
2024-05-28 00:00:00+00:00,5315.91,5315.91,5280.89,5306.04,0,22019,0.0
2024-05-29 00:00:00+00:00,5278.73,5282.27,5262.7,5266.95,0,21960,0.0
2024-05-30 00:00:00+00:00,5259.77,5260.21,5222.1,5235.48,0,17951,0.0
2024-05-31 00:00:00+00:00,5243.21,5280.33,5191.68,5277.51,0,22183,0.0
2024-06-03 00:00:00+00:00,5297.15,5302.11,5234.32,5283.4,0,22300,0.0
2024-06-04 00:00:00+00:00,5278.24,5298.8,5257.63,5291.34,0,22070,0.0
2024-06-05 00:00:00+00:00,5314.48,5354.03,5297.64,5354.03,0,21809,0.0
2024-06-06 00:00:00+00:00,5357.8,5362.35,5335.36,5352.96,0,22146,0.0
2024-06-07 00:00:00+00:00,5343.81,5375.08,5331.33,5346.99,0,22070,0.0
2024-06-10 00:00:00+00:00,5341.22,5365.79,5331.52,5360.79,0,22253,0.0
2024-06-11 00:00:00+00:00,5353.0,5375.95,5327.25,5375.32,0,22096,0.0
2024-06-12 00:00:00+00:00,5409.13,5447.25,5409.13,5421.03,0,22379,0.0
2024-06-13 00:00:00+00:00,5441.93,5441.93,5402.51,5433.74,0,22191,0.0
2024-06-14 00:00:00+00:00,5424.08,5432.39,5403.75,5431.6,0,22080,0.0
2024-06-17 00:00:00+00:00,5431.11,5488.5,5420.4,5473.23,0,22152,0.0
2024-06-18 00:00:00+00:00,5476.15,5490.38,5471.32,5487.03,0,22047,0.0
2024-06-20 00:00:00+00:00,5499.99,5505.53,5455.56,5473.17,0,22570,0.0
2024-06-21 00:00:00+00:00,5466.77,5478.31,5452.03,5464.62,0,22326,0.0
2024-06-24 00:00:00+00:00,5459.58,5490.66,5447.59,5447.87,0,22410,0.0
2024-06-25 00:00:00+00:00,5460.73,5472.88,5446.56,5469.3,0,22130,0.0
2024-06-26 00:00:00+00:00,5460.71,5483.14,5451.87,5477.9,0,22184,0.0
2024-06-27 00:00:00+00:00,5473.59,5490.81,5467.54,5482.87,0,22162,0.0
2024-06-28 00:00:00+00:00,5488.48,5523.64,5451.12,5460.48,0,22267,0.0
2024-07-01 00:00:00+00:00,5471.08,5479.55,5446.53,5475.09,0,22371,0.0
2024-07-02 00:00:00+00:00,5461.84,5509.56,5458.43,5509.01,0,22053,0.0
2024-07-03 00:00:00+00:00,5507.44,5539.27,5507.42,5537.02,0,12031,0.0
2024-07-05 00:00:00+00:00,5537.91,5570.33,5531.63,5567.19,0,21967,0.0
2024-07-08 00:00:00+00:00,5572.75,5583.11,5562.51,5572.85,0,22034,0.0
2024-07-09 00:00:00+00:00,5584.24,5590.75,5574.57,5576.98,0,22077,0.0
2024-07-10 00:00:00+00:00,5591.26,5635.39,5586.44,5633.91,0,22021,0.0
2024-07-11 00:00:00+00:00,5635.21,5642.45,5576.53,5584.54,0,22543,0.0
2024-07-12 00:00:00+00:00,5590.76,5655.56,5590.44,5615.35,0,22154,0.0
2024-07-15 00:00:00+00:00,5638.16,5666.94,5614.75,5631.22,0,22399,0.0
2024-07-16 00:00:00+00:00,5644.09,5669.67,5639.02,5667.2,0,22251,0.0
2024-07-17 00:00:00+00:00,5610.07,5622.49,5584.81,5588.27,0,22595,0.0
2024-07-18 00:00:00+00:00,5608.56,5614.05,5522.81,5544.59,0,22722,0.0
2024-07-19 00:00:00+00:00,5543.37,5557.5,5497.04,5505.0,0,22494,0.0
2024-07-22 00:00:00+00:00,5544.54,5570.36,5529.04,5564.41,0,22314,0.0
2024-07-23 00:00:00+00:00,5565.3,5585.34,5550.9,5555.74,0,22149,0.0
2024-07-24 00:00:00+00:00,5505.84,5508.04,5419.98,5427.13,0,22492,0.0
2024-07-25 00:00:00+00:00,5428.7,5491.59,5390.95,5399.22,0,22776,0.0
2024-07-26 00:00:00+00:00,5433.67,5488.32,5430.7,5459.1,0,22577,0.0
2024-07-29 00:00:00+00:00,5476.55,5487.74,5444.44,5463.54,0,22429,0.0
2024-07-30 00:00:00+00:00,5478.73,5489.46,5401.7,5436.44,0,22602,0.0
2024-07-31 00:00:00+00:00,5505.59,5551.51,5493.75,5522.3,0,22666,0.0
2024-08-01 00:00:00+00:00,5537.84,5566.16,5410.42,5446.68,0,22847,0.0
2024-08-02 00:00:00+00:00,5376.63,5383.89,5302.03,5346.56,0,22903,0.0
2024-08-05 00:00:00+00:00,5151.14,5250.89,5119.26,5186.33,0,22974,0.0
2024-08-06 00:00:00+00:00,5206.42,5312.34,5193.56,5240.03,0,22731,0.0
2024-08-07 00:00:00+00:00,5293.13,5330.64,5195.54,5199.5,0,22732,0.0
2024-08-08 00:00:00+00:00,5252.57,5328.03,5233.85,5319.31,0,22652,0.0
2024-08-09 00:00:00+00:00,5314.66,5358.67,5300.84,5344.16,0,22353,0.0
2024-08-12 00:00:00+00:00,5351.88,5371.2,5324.37,5344.39,0,22345,0.0
2024-08-13 00:00:00+00:00,5376.98,5436.5,5376.98,5434.43,0,21997,0.0
2024-08-14 00:00:00+00:00,5442.36,5463.22,5415.91,5455.21,0,22194,0.0
2024-08-15 00:00:00+00:00,5501.13,5546.23,5501.13,5543.22,0,21923,0.0
2024-08-16 00:00:00+00:00,5530.5,5561.98,5525.17,5554.25,0,21946,0.0
2024-08-19 00:00:00+00:00,5557.23,5608.25,5550.74,5608.25,0,21779,0.0
2024-08-20 00:00:00+00:00,5602.88,5620.51,5585.5,5597.12,0,21977,0.0
2024-08-21 00:00:00+00:00,5603.09,5632.68,5591.57,5620.85,0,22015,0.0
2024-08-22 00:00:00+00:00,5637.77,5643.22,5560.95,5570.64,0,22451,0.0
2024-08-23 00:00:00+00:00,5602.49,5641.82,5585.16,5634.61,0,22228,0.0
2024-08-26 00:00:00+00:00,5639.66,5651.62,5602.34,5616.84,0,22137,0.0
2024-08-27 00:00:00+00:00,5602.89,5631.18,5593.48,5625.8,0,21808,0.0
2024-08-28 00:00:00+00:00,5624.51,5627.03,5560.95,5592.18,0,22342,0.0
2024-08-29 00:00:00+00:00,5607.3,5646.95,5583.71,5591.96,0,22400,0.0
2024-08-30 00:00:00+00:00,5612.74,5651.37,5581.79,5648.4,0,22176,0.0
2024-09-03 00:00:00+00:00,5623.89,5623.89,5504.33,5528.93,0,22379,0.0
2024-09-04 00:00:00+00:00,5506.68,5552.99,5503.66,5520.07,0,22350,0.0
2024-09-05 00:00:00+00:00,5520.08,5546.3,5480.54,5503.41,0,22295,0.0
2024-09-06 00:00:00+00:00,5507.33,5522.47,5402.62,5408.42,0,22482,0.0
2024-09-09 00:00:00+00:00,5442.07,5484.2,5434.49,5471.05,0,22275,0.0
2024-09-10 00:00:00+00:00,5490.51,5497.91,5441.72,5495.52,0,22246,0.0
2024-09-11 00:00:00+00:00,5496.42,5560.41,5406.96,5554.13,0,22467,0.0
2024-09-12 00:00:00+00:00,5557.48,5600.71,5535.5,5595.76,0,22312,0.0
2024-09-13 00:00:00+00:00,5603.34,5636.27,5601.65,5626.02,0,21988,0.0
2024-09-16 00:00:00+00:00,5615.21,5636.05,5604.53,5633.09,0,22026,0.0
2024-09-17 00:00:00+00:00,5655.51,5670.81,5614.05,5634.58,0,22207,0.0
2024-09-18 00:00:00+00:00,5641.68,5689.75,5615.08,5618.26,0,22313,0.0
2024-09-19 00:00:00+00:00,5702.63,5733.57,5686.42,5713.64,0,22251,0.0
2024-09-20 00:00:00+00:00,5709.64,5715.14,5674.49,5702.55,0,22107,0.0
2024-09-23 00:00:00+00:00,5711.9,5725.36,5704.22,5718.57,0,21921,0.0
2024-09-24 00:00:00+00:00,5727.66,5735.32,5698.99,5732.93,0,22006,0.0
2024-09-25 00:00:00+00:00,5733.65,5741.03,5712.06,5722.26,0,21943,0.0
2024-09-26 00:00:00+00:00,5762.22,5767.37,5721.01,5745.37,0,22137,0.0
2024-09-27 00:00:00+00:00,5755.36,5763.78,5727.34,5738.17,0,22078,0.0
2024-09-30 00:00:00+00:00,5726.52,5765.14,5703.53,5762.48,0,22087,0.0
2024-10-01 00:00:00+00:00,5757.73,5757.73,5681.28,5708.75,0,22500,0.0
2024-10-02 00:00:00+00:00,5698.14,5719.63,5674.0,5709.54,0,21946,0.0
2024-10-03 00:00:00+00:00,5698.19,5718.78,5677.37,5699.94,0,22107,0.0
2024-10-04 00:00:00+00:00,5737.48,5753.21,5702.83,5751.07,0,22049,0.0
2024-10-07 00:00:00+00:00,5737.8,5739.34,5686.85,5695.94,0,22121,0.0
2024-10-08 00:00:00+00:00,5719.14,5757.6,5714.56,5751.13,0,21810,0.0
2024-10-09 00:00:00+00:00,5751.8,5796.8,5745.02,5792.04,0,21993,0.0
2024-10-10 00:00:00+00:00,5778.36,5795.03,5764.76,5780.05,0,21982,0.0
2024-10-11 00:00:00+00:00,5775.09,5822.13,5775.09,5815.03,0,21679,0.0
2024-10-14 00:00:00+00:00,5829.81,5871.41,5829.57,5859.85,0,21609,0.0
2024-10-15 00:00:00+00:00,5866.74,5870.36,5804.48,5815.26,0,22281,0.0
2024-10-16 00:00:00+00:00,5816.58,5846.52,5808.34,5842.47,0,21841,0.0
2024-10-17 00:00:00+00:00,5875.62,5878.46,5840.25,5841.47,0,21969,0.0
2024-10-18 00:00:00+00:00,5859.43,5872.17,5846.11,5864.67,0,21578,0.0
2024-10-21 00:00:00+00:00,5857.82,5866.92,5824.79,5853.98,0,21744,0.0
2024-10-22 00:00:00+00:00,5832.7,5863.04,5821.17,5851.2,0,21866,0.0
2024-10-23 00:00:00+00:00,5834.5,5834.85,5762.41,5797.42,0,22273,0.0
2024-10-24 00:00:00+00:00,5817.8,5817.8,5784.92,5809.86,0,21895,0.0
2024-10-25 00:00:00+00:00,5826.75,5862.82,5799.98,5808.12,0,21969,0.0
2024-10-28 00:00:00+00:00,5833.93,5842.92,5823.08,5823.52,0,21809,0.0
2024-10-29 00:00:00+00:00,5819.68,5847.19,5802.17,5832.92,0,21921,0.0
2024-10-30 00:00:00+00:00,5832.65,5850.94,5811.28,5813.67,0,22159,0.0
2024-10-31 00:00:00+00:00,5775.34,5775.34,5703.28,5705.45,0,22413,0.0
2024-11-01 00:00:00+00:00,5723.22,5772.52,5723.22,5728.8,0,22297,0.0
2024-11-04 00:00:00+00:00,5725.15,5741.43,5696.51,5712.69,0,22073,0.0
2024-11-05 00:00:00+00:00,5722.43,5783.44,5722.1,5782.76,0,21900,0.0
2024-11-06 00:00:00+00:00,5864.89,5936.14,5864.89,5929.04,0,22395,0.0
2024-11-07 00:00:00+00:00,5947.21,5983.84,5947.21,5973.1,0,22042,0.0
2024-11-08 00:00:00+00:00,5976.76,6012.45,5976.76,5995.54,0,21919,0.0
2024-11-11 00:00:00+00:00,6008.86,6017.31,5986.69,6001.35,0,22203,0.0
2024-11-12 00:00:00+00:00,6003.6,6009.92,5960.08,5983.99,0,22227,0.0
2024-11-13 00:00:00+00:00,5985.75,6008.19,5965.91,5985.38,0,22288,0.0
2024-11-14 00:00:00+00:00,5989.68,5993.88,5942.28,5949.17,0,22347,0.0
2024-11-15 00:00:00+00:00,5912.79,5915.32,5853.01,5870.62,0,22402,0.0
2024-11-18 00:00:00+00:00,5874.17,5908.12,5865.95,5893.62,0,22104,0.0
2024-11-19 00:00:00+00:00,5870.05,5923.51,5855.29,5916.98,0,22043,0.0
2024-11-20 00:00:00+00:00,5914.34,5920.67,5860.56,5917.11,0,22261,0.0
2024-11-21 00:00:00+00:00,5940.58,5963.32,5887.26,5948.71,0,22543,0.0
2024-11-22 00:00:00+00:00,5944.36,5972.9,5944.36,5969.34,0,22112,0.0
2024-11-25 00:00:00+00:00,5992.28,6020.75,5963.91,5987.37,0,22221,0.0
2024-11-26 00:00:00+00:00,6000.03,6025.42,5992.27,6021.63,0,22088,0.0
2024-11-27 00:00:00+00:00,6014.11,6020.16,5984.87,5998.74,0,21918,0.0
2024-11-29 00:00:00+00:00,6003.98,6044.17,6003.98,6032.38,0,11836,0.0
2024-12-02 00:00:00+00:00,6040.11,6053.58,6035.33,6047.15,0,21871,0.0
2024-12-03 00:00:00+00:00,6042.97,6052.07,6033.39,6049.88,0,21758,0.0
2024-12-04 00:00:00+00:00,6069.39,6089.84,6061.06,6086.49,0,21903,0.0
2024-12-05 00:00:00+00:00,6089.03,6094.55,6072.9,6075.11,0,21976,0.0
2024-12-06 00:00:00+00:00,6081.38,6099.97,6079.98,6090.27,0,21925,0.0
2024-12-09 00:00:00+00:00,6083.01,6088.51,6048.63,6052.85,0,22160,0.0
2024-12-10 00:00:00+00:00,6057.59,6065.4,6029.89,6034.91,0,22336,0.0
2024-12-11 00:00:00+00:00,6060.15,6092.59,6060.15,6084.19,0,22110,0.0
2024-12-12 00:00:00+00:00,6074.29,6079.68,6051.25,6051.25,0,22134,0.0
2024-12-13 00:00:00+00:00,6068.17,6078.58,6035.77,6051.09,0,22249,0.0
2024-12-16 00:00:00+00:00,6063.79,6085.19,6059.14,6074.08,0,22349,0.0
2024-12-17 00:00:00+00:00,6052.55,6057.68,6035.19,6050.61,0,22486,0.0
2024-12-18 00:00:00+00:00,6047.65,6070.67,5867.79,5872.16,0,22518,0.0
2024-12-19 00:00:00+00:00,5912.71,5935.52,5866.07,5867.08,0,22694,0.0
2024-12-20 00:00:00+00:00,5842.0,5982.06,5832.3,5930.85,0,22653,0.0
2024-12-23 00:00:00+00:00,5940.25,5978.25,5902.57,5974.07,0,22389,0.0
2024-12-24 00:00:00+00:00,5984.63,6040.04,5981.44,6040.04,0,12030,0.0
2024-12-26 00:00:00+00:00,6024.97,6049.75,6007.37,6037.59,0,22051,0.0
2024-12-27 00:00:00+00:00,6006.17,6006.17,5932.95,5970.84,0,22368,0.0
2024-12-30 00:00:00+00:00,5920.67,5940.79,5869.16,5906.94,0,22441,0.0
2024-12-31 00:00:00+00:00,5919.74,5929.74,5868.86,5881.63,0,22419,0.0
2025-01-02 00:00:00+00:00,5903.26,5935.09,5829.53,5868.55,0,22689,0.0
2025-01-03 00:00:00+00:00,5891.07,5949.34,5888.66,5942.47,0,22169,0.0
2025-01-06 00:00:00+00:00,5982.81,6021.04,5960.01,5975.38,0,22416,0.0
2025-01-07 00:00:00+00:00,5993.26,6000.68,5890.68,5909.03,0,22517,0.0
2025-01-08 00:00:00+00:00,5910.66,5927.89,5874.78,5918.25,0,22502,0.0
2025-01-10 00:00:00+00:00,5890.35,5890.35,5807.78,5827.04,0,22633,0.0
2025-01-13 00:00:00+00:00,5782.02,5838.61,5773.31,5836.22,0,22421,0.0
2025-01-14 00:00:00+00:00,5859.27,5871.92,5805.42,5842.91,0,22463,0.0
2025-01-15 00:00:00+00:00,5905.21,5960.61,5905.21,5949.91,0,22172,0.0
2025-01-16 00:00:00+00:00,5963.61,5964.69,5930.72,5937.34,0,22368,0.0
2025-01-17 00:00:00+00:00,5995.4,6014.96,5978.44,5996.66,0,22190,0.0
2025-01-21 00:00:00+00:00,6014.12,6051.51,6006.88,6049.24,0,22403,0.0
2025-01-22 00:00:00+00:00,6081.39,6100.81,6076.13,6086.37,0,22253,0.0
2025-01-23 00:00:00+00:00,6076.32,6118.71,6074.67,6118.71,0,22021,0.0
2025-01-24 00:00:00+00:00,6121.43,6128.18,6088.74,6101.24,0,22145,0.0
2025-01-27 00:00:00+00:00,5969.04,6017.17,5962.92,6012.28,0,22868,0.0
2025-01-28 00:00:00+00:00,6026.97,6074.54,5994.63,6067.7,0,22525,0.0
2025-01-29 00:00:00+00:00,6057.7,6062.83,6012.96,6039.31,0,22646,0.0
2025-01-30 00:00:00+00:00,6050.75,6086.64,6027.46,6071.17,0,22613,0.0
2025-01-31 00:00:00+00:00,6096.79,6120.91,6030.93,6040.53,0,22704,0.0
2025-02-03 00:00:00+00:00,5969.65,6022.13,5923.93,5994.57,0,22729,0.0
2025-02-04 00:00:00+00:00,5998.14,6042.48,5990.87,6037.88,0,22306,0.0
2025-02-05 00:00:00+00:00,6020.45,6062.86,6007.06,6061.48,0,22319,0.0
2025-02-06 00:00:00+00:00,6072.22,6084.03,6046.83,6083.57,0,22266,0.0
2025-02-07 00:00:00+00:00,6083.13,6101.28,6019.96,6025.99,0,22503,0.0
2025-02-10 00:00:00+00:00,6046.4,6073.38,6044.84,6066.44,0,22011,0.0
2025-02-11 00:00:00+00:00,6049.32,6076.28,6042.34,6068.5,0,22145,0.0
2025-02-12 00:00:00+00:00,6025.08,6063.0,6003.0,6051.97,0,22219,0.0
2025-02-13 00:00:00+00:00,6060.59,6116.91,6050.95,6115.07,0,22228,0.0
2025-02-14 00:00:00+00:00,6115.52,6127.47,6107.62,6114.63,0,22041,0.0
2025-02-18 00:00:00+00:00,6121.6,6129.58,6099.51,6129.58,0,22177,0.0
2025-02-19 00:00:00+00:00,6117.76,6147.43,6111.15,6144.15,0,22231,0.0
2025-02-20 00:00:00+00:00,6134.5,6134.5,6084.59,6117.52,0,22232,0.0
2025-02-21 00:00:00+00:00,6114.1,6114.82,6008.56,6013.13,0,22618,0.0
2025-02-24 00:00:00+00:00,6026.69,6043.65,5977.83,5983.25,0,22596,0.0
2025-02-25 00:00:00+00:00,5982.73,5992.65,5908.49,5955.25,0,22719,0.0
2025-02-26 00:00:00+00:00,5970.87,6009.82,5932.69,5956.06,0,22651,0.0
2025-02-27 00:00:00+00:00,5981.88,5993.69,5858.78,5861.57,0,22785,0.0
2025-02-28 00:00:00+00:00,5856.74,5959.4,5837.66,5954.5,0,22749,0.0
2025-03-03 00:00:00+00:00,5968.33,5986.09,5810.91,5849.72,0,22818,0.0
2025-03-04 00:00:00+00:00,5811.98,5865.08,5732.59,5778.15,0,22936,0.0
2025-03-05 00:00:00+00:00,5781.36,5860.59,5742.35,5842.63,0,22876,0.0
2025-03-06 00:00:00+00:00,5785.87,5812.08,5711.64,5738.52,0,22874,0.0
2025-03-07 00:00:00+00:00,5726.01,5783.01,5666.29,5770.2,0,22900,0.0
2025-03-10 00:00:00+00:00,5705.37,5705.37,5564.02,5614.56,0,22967,0.0
2025-03-11 00:00:00+00:00,5603.65,5636.3,5528.41,5572.07,0,22995,0.0
2025-03-12 00:00:00+00:00,5624.84,5642.19,5546.09,5599.3,0,22755,0.0
2025-03-13 00:00:00+00:00,5594.45,5597.78,5504.65,5521.52,0,22781,0.0
2025-03-14 00:00:00+00:00,5563.85,5645.27,5563.85,5638.94,0,22433,0.0
2025-03-17 00:00:00+00:00,5635.6,5703.52,5631.12,5675.12,0,22489,0.0
2025-03-18 00:00:00+00:00,5654.53,5654.53,5597.76,5614.66,0,22585,0.0
2025-03-19 00:00:00+00:00,5632.37,5715.33,5622.2,5675.29,0,22518,0.0
2025-03-20 00:00:00+00:00,5646.92,5711.15,5632.33,5662.89,0,22491,0.0
2025-03-21 00:00:00+00:00,5630.73,5670.84,5603.1,5667.56,0,22368,0.0
2025-03-24 00:00:00+00:00,5718.08,5775.14,5718.08,5767.57,0,22058,0.0
2025-03-25 00:00:00+00:00,5775.96,5786.95,5760.42,5776.65,0,22006,0.0
2025-03-26 00:00:00+00:00,5771.66,5783.62,5694.41,5712.2,0,22356,0.0
2025-03-27 00:00:00+00:00,5695.64,5732.28,5670.94,5693.31,0,22442,0.0
2025-03-28 00:00:00+00:00,5679.2,5685.89,5572.42,5580.94,0,22368,0.0
2025-03-31 00:00:00+00:00,5527.91,5627.56,5488.73,5611.85,0,22631,0.0
2025-04-01 00:00:00+00:00,5597.53,5650.57,5558.52,5633.07,0,22550,0.0
2025-04-02 00:00:00+00:00,5580.76,5695.31,5571.48,5670.97,0,22561,0.0
2025-04-03 00:00:00+00:00,5492.74,5499.53,5390.83,5396.52,0,22864,0.0
2025-04-04 00:00:00+00:00,5292.14,5292.14,5069.9,5074.08,0,23093,0.0
2025-04-07 00:00:00+00:00,4953.79,5246.57,4835.04,5062.25,0,23202,0.0
2025-04-08 00:00:00+00:00,5193.57,5267.47,4910.42,4982.77,0,23106,0.0
2025-04-09 00:00:00+00:00,4965.28,5481.34,4948.43,5456.9,0,23135,0.0
2025-04-10 00:00:00+00:00,5353.15,5353.15,5115.27,5268.05,0,23154,0.0
2025-04-11 00:00:00+00:00,5255.56,5381.46,5220.77,5363.36,0,22968,0.0
2025-04-14 00:00:00+00:00,5441.96,5459.46,5358.02,5405.97,0,22758,0.0
2025-04-15 00:00:00+00:00,5411.99,5450.41,5386.44,5396.63,0,22556,0.0
2025-04-16 00:00:00+00:00,5335.75,5367.24,5220.79,5275.7,0,22574,0.0
2025-04-17 00:00:00+00:00,5305.45,5328.31,5255.58,5282.7,0,22623,0.0
2025-04-21 00:00:00+00:00,5232.94,5232.94,5101.63,5158.2,0,22353,0.0
2025-04-22 00:00:00+00:00,5207.67,5309.61,5207.67,5287.76,0,22529,0.0
2025-04-23 00:00:00+00:00,5395.92,5469.69,5356.17,5375.86,0,22664,0.0
2025-04-24 00:00:00+00:00,5381.38,5489.4,5371.96,5484.77,0,22258,0.0
2025-04-25 00:00:00+00:00,5489.73,5528.11,5455.86,5525.21,0,22487,0.0
2025-04-28 00:00:00+00:00,5529.22,5553.66,5468.64,5528.75,0,22331,0.0
2025-04-29 00:00:00+00:00,5508.87,5571.95,5505.7,5560.83,0,22334,0.0
2025-04-30 00:00:00+00:00,5499.44,5581.84,5433.24,5569.06,0,22560,0.0
2025-05-01 00:00:00+00:00,5625.14,5658.91,5597.35,5604.14,0,22507,0.0
2025-05-02 00:00:00+00:00,5645.88,5700.7,5642.28,5686.67,0,22411,0.0
2025-05-05 00:00:00+00:00,5655.32,5683.38,5634.48,5650.38,0,22121,0.0
2025-05-06 00:00:00+00:00,5605.87,5649.58,5586.04,5606.91,0,22216,0.0
2025-05-07 00:00:00+00:00,5614.18,5654.73,5578.64,5631.28,0,22528,0.0
2025-05-08 00:00:00+00:00,5663.6,5720.1,5635.38,5663.94,0,22301,0.0
2025-05-09 00:00:00+00:00,5679.65,5691.69,5644.15,5659.91,0,22166,0.0
2025-05-12 00:00:00+00:00,5807.2,5845.37,5786.08,5844.19,0,22321,0.0
2025-05-13 00:00:00+00:00,5854.15,5906.64,5845.02,5886.55,0,22366,0.0
2025-05-14 00:00:00+00:00,5896.74,5906.55,5872.11,5892.58,0,22330,0.0
2025-05-15 00:00:00+00:00,5869.82,5924.21,5865.16,5916.93,0,22389,0.0
2025-05-16 00:00:00+00:00,5929.09,5958.62,5907.36,5958.38,0,22154,0.0
2025-05-19 00:00:00+00:00,5902.88,5968.61,5895.69,5963.6,0,22122,0.0
2025-05-20 00:00:00+00:00,5944.66,5953.06,5909.26,5940.46,0,22209,0.0
2025-05-21 00:00:00+00:00,5910.18,5938.37,5830.91,5844.61,0,22580,0.0
2025-05-22 00:00:00+00:00,5841.26,5878.08,5825.82,5842.01,0,22415,0.0
2025-05-23 00:00:00+00:00,5781.89,5829.51,5767.41,5802.82,0,22314,0.0
2025-05-27 00:00:00+00:00,5854.07,5924.33,5854.07,5921.54,0,22021,0.0
2025-05-28 00:00:00+00:00,5925.54,5939.92,5881.88,5888.55,0,21998,0.0
2025-05-29 00:00:00+00:00,5939.96,5943.13,5873.8,5912.17,0,22440,0.0
2025-05-30 00:00:00+00:00,5903.67,5922.14,5843.66,5911.69,0,22432,0.0
2025-06-02 00:00:00+00:00,5896.68,5937.4,5861.43,5935.94,0,22039,0.0
2025-06-03 00:00:00+00:00,5938.56,5981.35,5929.0,5970.37,0,21993,0.0
2025-06-04 00:00:00+00:00,5978.94,5990.48,5966.11,5970.81,0,22055,0.0
2025-06-05 00:00:00+00:00,5985.67,5999.7,5921.2,5939.3,0,22495,0.0
2025-06-06 00:00:00+00:00,5987.06,6016.87,5978.63,6000.36,0,22148,0.0
2025-06-09 00:00:00+00:00,6004.63,6021.31,5994.18,6005.88,0,22051,0.0
2025-06-10 00:00:00+00:00,6009.91,6043.01,6000.28,6038.81,0,22177,0.0
2025-06-11 00:00:00+00:00,6049.38,6059.4,6002.32,6022.24,0,22346,0.0
2025-06-12 00:00:00+00:00,6009.9,6045.26,6003.88,6045.26,0,21968,0.0
2025-06-13 00:00:00+00:00,6000.56,6026.16,5963.21,5976.97,0,22383,0.0
2025-06-16 00:00:00+00:00,6004.0,6050.83,6004.0,6033.11,0,22018,0.0
2025-06-17 00:00:00+00:00,6012.15,6023.25,5974.8,5982.72,0,22191,0.0
2025-06-18 00:00:00+00:00,5987.93,6018.25,5971.89,5980.87,0,22180,0.0
2025-06-20 00:00:00+00:00,5999.67,6018.2,5952.56,5967.84,0,22315,0.0
2025-06-23 00:00:00+00:00,5969.67,6028.77,5943.23,6025.17,0,22335,0.0
2025-06-24 00:00:00+00:00,6061.21,6101.76,6059.25,6092.18,0,21925,0.0
2025-06-25 00:00:00+00:00,6104.23,6108.51,6080.09,6092.16,0,22038,0.0
2025-06-26 00:00:00+00:00,6112.09,6146.52,6107.27,6141.02,0,21888,0.0
2025-06-27 00:00:00+00:00,6150.7,6187.68,6132.35,6173.07,0,22202,0.0
2025-06-30 00:00:00+00:00,6193.36,6215.08,6174.97,6204.95,0,22199,0.0
2025-07-01 00:00:00+00:00,6187.25,6210.78,6177.97,6198.01,0,22352,0.0
2025-07-02 00:00:00+00:00,6193.88,6227.6,6188.29,6227.42,0,22069,0.0
2025-07-03 00:00:00+00:00,6246.46,6284.65,6246.46,6279.35,0,11967,0.0
2025-07-07 00:00:00+00:00,6259.04,6262.07,6201.0,6229.98,0,22160,0.0
2025-07-08 00:00:00+00:00,6234.03,6242.7,6217.75,6225.52,0,22085,0.0
2025-07-09 00:00:00+00:00,6243.33,6269.16,6231.43,6263.26,0,22096,0.0
2025-07-10 00:00:00+00:00,6266.8,6290.22,6251.44,6280.46,0,21954,0.0
2025-07-11 00:00:00+00:00,6255.68,6269.44,6237.6,6259.75,0,21986,0.0
2025-07-14 00:00:00+00:00,6255.15,6273.31,6239.22,6268.56,0,21824,0.0
2025-07-15 00:00:00+00:00,6295.29,6302.04,6242.45,6243.76,0,22190,0.0
2025-07-16 00:00:00+00:00,6254.5,6268.12,6201.59,6263.7,0,22188,0.0
2025-07-17 00:00:00+00:00,6263.4,6304.69,6262.27,6297.36,0,21956,0.0
2025-07-18 00:00:00+00:00,6312.95,6315.61,6285.27,6296.79,0,21854,0.0
2025-07-21 00:00:00+00:00,6304.74,6336.08,6303.79,6305.6,0,21691,0.0
2025-07-22 00:00:00+00:00,6306.6,6316.12,6281.71,6309.62,0,21979,0.0
2025-07-23 00:00:00+00:00,6326.9,6359.91,6317.49,6358.91,0,22049,0.0
2025-07-24 00:00:00+00:00,6368.6,6381.31,6360.57,6363.35,0,22028,0.0
2025-07-25 00:00:00+00:00,6370.01,6395.82,6368.53,6388.64,0,21690,0.0
2025-07-28 00:00:00+00:00,6397.69,6401.07,6375.79,6389.77,0,21671,0.0
2025-07-29 00:00:00+00:00,6405.62,6409.26,6363.92,6370.86,0,22084,0.0
2025-07-30 00:00:00+00:00,6381.23,6396.54,6336.38,6362.9,0,22159,0.0
2025-07-31 00:00:00+00:00,6427.02,6427.02,6327.64,6339.39,0,22632,0.0
2025-08-01 00:00:00+00:00,6287.28,6287.28,6212.69,6238.01,0,22689,0.0
2025-08-04 00:00:00+00:00,6271.71,6330.69,6271.71,6329.94,0,22174,0.0
2025-08-05 00:00:00+00:00,6336.63,6346.0,6289.37,6299.19,0,22305,0.0
2025-08-06 00:00:00+00:00,6309.3,6352.83,6301.11,6345.06,0,22239,0.0
2025-08-07 00:00:00+00:00,6374.32,6389.71,6310.32,6340.0,0,22560,0.0
2025-08-08 00:00:00+00:00,6355.22,6395.16,6355.22,6389.45,0,22294,0.0
2025-08-11 00:00:00+00:00,6389.67,6407.25,6364.06,6373.45,0,22144,0.0
2025-08-12 00:00:00+00:00,6395.17,6446.55,6385.76,6445.76,0,22088,0.0
2025-08-13 00:00:00+00:00,6462.67,6480.28,6445.02,6466.58,0,22233,0.0
2025-08-14 00:00:00+00:00,6453.46,6473.92,6441.07,6468.54,0,22140,0.0
2025-08-15 00:00:00+00:00,6477.38,6481.34,6441.85,6449.8,0,22153,0.0
2025-08-18 00:00:00+00:00,6445.02,6455.35,6437.7,6449.15,0,21860,0.0
2025-08-19 00:00:00+00:00,6446.24,6456.48,6400.22,6411.37,0,22343,0.0
2025-08-20 00:00:00+00:00,6406.62,6408.4,6343.86,6395.78,0,22504,0.0
2025-08-21 00:00:00+00:00,6380.83,6393.65,6352.71,6370.17,0,22174,0.0
2025-08-22 00:00:00+00:00,6384.59,6478.89,6384.59,6466.91,0,22246,0.0
2025-08-25 00:00:00+00:00,6457.67,6466.89,6438.06,6439.32,0,21835,0.0
2025-08-26 00:00:00+00:00,6435.49,6468.37,6429.21,6465.94,0,21853,0.0
2025-08-27 00:00:00+00:00,6462.26,6487.06,6457.84,6481.4,0,21604,0.0
2025-08-28 00:00:00+00:00,6483.84,6508.23,6466.96,6501.86,0,22054,0.0
2025-08-29 00:00:00+00:00,6489.28,6491.76,6444.57,6460.26,0,22124,0.0
2025-09-02 00:00:00+00:00,6401.51,6416.54,6360.58,6415.54,0,22241,0.0
2025-09-03 00:00:00+00:00,6445.82,6453.67,6416.17,6448.26,0,22333,0.0
2025-09-04 00:00:00+00:00,6456.6,6502.54,6445.98,6502.08,0,22061,0.0
2025-09-05 00:00:00+00:00,6529.08,6532.65,6443.98,6481.5,0,22567,0.0
2025-09-08 00:00:00+00:00,6498.09,6508.67,6483.29,6495.15,0,22125,0.0
2025-09-09 00:00:00+00:00,6503.33,6518.23,6483.08,6512.61,0,22243,0.0
2025-09-10 00:00:00+00:00,6550.29,6555.97,6516.34,6532.04,0,22409,0.0
2025-09-11 00:00:00+00:00,6554.41,6592.89,6545.8,6587.47,0,22118,0.0
2025-09-12 00:00:00+00:00,6590.66,6600.21,6579.49,6584.29,0,22004,0.0
2025-09-15 00:00:00+00:00,6603.49,6619.62,6602.07,6615.28,0,22157,0.0
2025-09-16 00:00:00+00:00,6624.13,6626.99,6600.11,6606.76,0,21976,0.0
2025-09-17 00:00:00+00:00,6604.87,6624.39,6551.15,6600.35,0,22420,0.0
2025-09-18 00:00:00+00:00,6626.85,6656.8,6611.89,6631.96,0,22230,0.0
2025-09-19 00:00:00+00:00,6647.11,6671.82,6630.31,6664.36,0,22243,0.0
2025-09-22 00:00:00+00:00,6654.28,6698.88,6648.07,6693.75,0,22285,0.0
2025-09-23 00:00:00+00:00,6692.44,6699.52,6645.58,6656.92,0,22378,0.0
2025-09-24 00:00:00+00:00,6669.79,6672.66,6621.76,6637.97,0,22239,0.0
2025-09-25 00:00:00+00:00,6608.19,6619.0,6569.22,6604.72,0,22530,0.0
2025-09-26 00:00:00+00:00,6615.38,6648.97,6604.43,6643.7,0,22285,0.0
2025-09-29 00:00:00+00:00,6661.58,6677.31,6644.49,6661.21,0,22211,0.0
2025-09-30 00:00:00+00:00,6656.19,6691.25,6641.0,6688.46,0,22370,0.0
2025-10-01 00:00:00+00:00,6664.92,6718.48,6656.2,6711.2,0,22203,0.0
2025-10-02 00:00:00+00:00,6731.31,6731.94,6693.23,6715.35,0,22184,0.0
2025-10-03 00:00:00+00:00,6722.14,6750.87,6705.67,6715.79,0,22387,0.0
2025-10-06 00:00:00+00:00,6733.86,6749.52,6717.78,6740.28,0,22172,0.0
2025-10-07 00:00:00+00:00,6746.14,6754.49,6699.96,6714.59,0,22497,0.0
2025-10-08 00:00:00+00:00,6723.87,6755.64,6718.09,6753.72,0,22067,0.0
2025-10-09 00:00:00+00:00,6760.5,6764.58,6716.17,6735.11,0,22362,0.0
2025-10-10 00:00:00+00:00,6740.49,6762.4,6550.78,6552.51,0,22888,0.0
2025-10-13 00:00:00+00:00,6622.53,6668.68,6620.71,6654.72,0,22365,0.0
2025-10-14 00:00:00+00:00,6602.49,6680.7,6555.07,6644.31,0,22523,0.0
2025-10-15 00:00:00+00:00,6688.27,6724.12,6612.11,6671.06,0,22590,0.0
2025-10-16 00:00:00+00:00,6689.02,6709.34,6593.99,6629.07,0,22817,0.0
2025-10-17 00:00:00+00:00,6613.27,6678.88,6603.76,6664.01,0,22642,0.0
2025-10-20 00:00:00+00:00,6690.05,6744.35,6690.05,6735.13,0,22174,0.0
2025-10-21 00:00:00+00:00,6736.75,6752.16,6722.03,6735.35,0,22288,0.0
2025-10-22 00:00:00+00:00,6741.34,6741.75,6655.69,6699.4,0,22739,0.0
2025-10-23 00:00:00+00:00,6703.65,6749.53,6700.14,6738.44,0,22272,0.0
2025-10-24 00:00:00+00:00,6772.07,6807.11,6772.07,6791.69,0,22188,0.0
2025-10-27 00:00:00+00:00,6845.46,6877.28,6843.94,6875.16,0,22088,0.0
2025-10-28 00:00:00+00:00,6897.74,6911.3,6870.73,6890.89,0,22484,0.0
2025-10-29 00:00:00+00:00,6910.95,6920.34,6851.91,6890.59,0,22670,0.0
2025-10-30 00:00:00+00:00,6860.5,6880.75,6820.69,6822.34,0,22705,0.0
2025-10-31 00:00:00+00:00,6879.17,6879.17,6814.26,6840.2,0,22668,0.0
2025-11-03 00:00:00+00:00,6882.32,6882.32,6820.62,6851.97,0,22578,0.0
2025-11-04 00:00:00+00:00,6788.52,6820.21,6766.71,6771.55,0,22721,0.0
2025-11-05 00:00:00+00:00,6769.77,6829.78,6763.11,6796.29,0,22434,0.0
2025-11-06 00:00:00+00:00,6787.59,6796.68,6707.51,6720.32,0,22844,0.0
2025-11-07 00:00:00+00:00,6696.18,6730.11,6631.44,6728.8,0,22849,0.0
2025-11-10 00:00:00+00:00,6785.36,6841.32,6770.56,6832.43,0,22532,0.0
2025-11-11 00:00:00+00:00,6815.64,6855.13,6806.87,6846.61,0,22489,0.0
2025-11-12 00:00:00+00:00,6867.77,6869.91,6829.62,6850.92,0,22580,0.0
2025-11-13 00:00:00+00:00,6826.47,6828.05,6724.72,6737.49,0,22860,0.0
2025-11-14 00:00:00+00:00,6672.14,6774.31,6646.87,6734.11,0,22791,0.0
2025-11-17 00:00:00+00:00,6713.61,6754.5,6638.9,6672.41,0,22855,0.0
2025-11-18 00:00:00+00:00,6641.19,6666.63,6574.32,6617.32,0,22969,0.0
2025-11-19 00:00:00+00:00,6625.84,6689.75,6603.5,6642.16,0,22905,0.0
2025-11-20 00:00:00+00:00,6737.93,6770.35,6534.05,6538.76,0,23094,0.0
2025-11-21 00:00:00+00:00,6555.77,6660.05,6521.92,6602.99,0,23062,0.0
2025-11-24 00:00:00+00:00,6636.54,6715.75,6630.7,6705.12,0,22682,0.0
2025-11-25 00:00:00+00:00,6697.03,6776.4,6659.98,6765.88,0,22701,0.0
2025-11-26 00:00:00+00:00,6793.55,6831.44,6783.87,6812.61,0,22388,0.0
2025-11-28 00:00:00+00:00,6822.52,6850.86,6819.75,6849.09,0,12118,0.0
2025-12-01 00:00:00+00:00,6812.3,6843.65,6799.94,6812.63,0,22393,0.0
2025-12-02 00:00:00+00:00,6830.96,6851.55,6806.71,6829.37,0,22493,0.0
2025-12-03 00:00:00+00:00,6815.29,6862.42,6810.43,6849.72,0,22355,0.0
2025-12-04 00:00:00+00:00,6866.47,6866.47,6827.12,6857.12,0,22473,0.0
2025-12-05 00:00:00+00:00,6866.32,6895.78,6858.29,6870.4,0,22307,0.0
2025-12-08 00:00:00+00:00,6875.2,6878.27,6827.19,6846.51,0,22481,0.0
2025-12-09 00:00:00+00:00,6840.61,6864.92,6837.43,6840.51,0,22220,0.0
2025-12-10 00:00:00+00:00,6833.49,6900.67,6824.69,6886.68,0,22567,0.0
2025-12-11 00:00:00+00:00,6861.3,6903.46,6833.45,6901.0,0,22545,0.0
2025-12-12 00:00:00+00:00,6886.85,6899.85,6801.79,6827.41,0,22705,0.0
2025-12-15 00:00:00+00:00,6860.19,6861.59,6801.49,6816.51,0,22663,0.0
2025-12-16 00:00:00+00:00,6800.12,6819.27,6759.74,6800.26,0,22676,0.0
2025-12-17 00:00:00+00:00,6802.88,6812.26,6720.43,6721.43,0,22803,0.0
2025-12-18 00:00:00+00:00,6778.06,6816.13,6758.5,6774.76,0,22662,0.0
2025-12-19 00:00:00+00:00,6792.62,6840.02,6792.62,6834.5,0,22407,0.0
2025-12-22 00:00:00+00:00,6865.21,6882.03,6855.74,6878.49,0,22060,0.0
2025-12-23 00:00:00+00:00,6872.41,6910.88,6868.81,6909.79,0,21942,0.0
2025-12-24 00:00:00+00:00,6904.91,6937.32,6904.91,6932.05,0,11810,0.0
2025-12-26 00:00:00+00:00,6936.02,6945.77,6921.6,6929.94,0,21587,0.0
2025-12-29 00:00:00+00:00,6903.6,6920.21,6888.76,6905.74,0,21779,0.0
2025-12-30 00:00:00+00:00,6900.44,6913.25,6893.47,6896.24,0,21558,0.0
2025-12-31 00:00:00+00:00,6898.82,6901.42,6844.55,6845.5,0,21779,0.0
2026-01-02 00:00:00+00:00,6878.11,6894.87,6824.31,6858.47,0,22553,0.0
2026-01-05 00:00:00+00:00,6892.19,6920.38,6891.56,6902.05,0,22389,0.0
2026-01-06 00:00:00+00:00,6908.03,6948.69,6904.02,6944.82,0,22313,0.0
2026-01-07 00:00:00+00:00,6945.07,6965.69,6919.19,6920.93,0,22366,0.0
2026-01-08 00:00:00+00:00,6914.11,6931.28,6899.33,6921.46,0,22467,0.0
2026-01-09 00:00:00+00:00,6927.83,6978.36,6917.64,6966.28,0,22221,0.0
2026-01-12 00:00:00+00:00,6944.12,6986.33,6934.07,6977.27,0,22156,0.0
2026-01-13 00:00:00+00:00,6977.41,6985.83,6938.77,6963.74,0,22500,0.0
2026-01-14 00:00:00+00:00,6937.41,6941.3,6885.74,6926.6,0,22587,0.0
2026-01-15 00:00:00+00:00,6969.46,6979.34,6937.93,6944.47,0,22468,0.0
2026-01-16 00:00:00+00:00,6960.54,6967.3,6925.09,6940.01,0,22345,0.0
2026-01-20 00:00:00+00:00,6865.24,6871.17,6789.05,6796.86,0,22674,0.0
2026-01-21 00:00:00+00:00,6810.71,6910.39,6804.96,6875.62,0,22780,0.0
2026-01-22 00:00:00+00:00,6914.44,6934.75,6893.62,6913.35,0,22422,0.0
2026-01-23 00:00:00+00:00,6907.85,6932.96,6895.5,6915.61,0,22463,0.0
2026-01-26 00:00:00+00:00,6923.23,6964.66,6921.6,6950.23,0,22203,0.0
2026-01-27 00:00:00+00:00,6965.96,6988.82,6958.83,6978.6,0,22146,0.0
2026-01-28 00:00:00+00:00,7002.0,7002.28,6963.46,6978.03,0,22526,0.0
2026-01-29 00:00:00+00:00,6977.74,6992.84,6870.8,6969.01,0,22775,0.0
2026-01-30 00:00:00+00:00,6947.27,6964.09,6893.48,6939.03,0,22901,0.0
2026-02-02 00:00:00+00:00,6916.64,6991.92,6914.34,6976.44,0,22434,0.0
2026-02-03 00:00:00+00:00,6985.45,6993.08,6862.05,6917.81,0,22878,0.0
2026-02-04 00:00:00+00:00,6924.5,6936.09,6838.8,6882.72,0,23003,0.0
2026-02-05 00:00:00+00:00,6837.39,6857.85,6780.13,6798.4,0,22997,0.0
2026-02-06 00:00:00+00:00,6816.74,6944.89,6816.74,6932.3,0,22674,0.0
2026-02-09 00:00:00+00:00,6917.26,6980.1,6905.87,6964.82,0,22506,0.0
2026-02-10 00:00:00+00:00,6974.49,6986.83,6937.53,6941.81,0,22528,0.0
2026-02-11 00:00:00+00:00,6976.48,6993.48,6911.97,6941.47,0,22778,0.0
2026-02-12 00:00:00+00:00,6957.54,6973.22,6824.04,6832.76,0,22907,0.0
2026-02-13 00:00:00+00:00,6834.27,6881.96,6794.55,6836.17,0,22781,0.0
2026-02-17 00:00:00+00:00,6819.86,6866.99,6775.5,6843.22,0,22869,0.0
2026-02-18 00:00:00+00:00,6855.48,6909.12,6849.66,6881.31,0,22555,0.0
2026-02-19 00:00:00+00:00,6861.34,6879.12,6833.06,6861.89,0,22615,0.0
2026-02-20 00:00:00+00:00,6843.26,6915.86,6836.33,6909.51,0,22777,0.0
2026-02-23 00:00:00+00:00,6901.25,6916.96,6819.82,6837.75,0,22593,0.0
2026-02-24 00:00:00+00:00,6837.37,6899.17,6815.43,6890.07,0,22563,0.0
2026-02-25 00:00:00+00:00,6915.15,6952.51,6915.15,6946.13,0,22188,0.0
2026-02-26 00:00:00+00:00,6944.74,6947.25,6859.73,6908.86,0,22667,0.0
2026-02-27 00:00:00+00:00,6856.54,6882.96,6831.74,6878.88,0,22681,0.0
2026-03-02 00:00:00+00:00,6824.36,6901.01,6796.85,6881.62,0,22755,0.0
2026-03-03 00:00:00+00:00,6800.26,6840.05,6710.42,6816.63,0,22927,0.0
2026-03-04 00:00:00+00:00,6831.69,6885.94,6811.64,6869.5,0,22619,0.0
2026-03-05 00:00:00+00:00,6851.08,6870.43,6770.78,6830.71,0,22898,0.0
2026-03-06 00:00:00+00:00,6769.03,6773.42,6711.56,6740.02,0,22862,0.0
2026-03-09 00:00:00+00:00,6699.8,6810.44,6636.04,6795.99,0,22790,0.0
2026-03-10 00:00:00+00:00,6796.56,6845.08,6759.74,6781.48,0,22812,0.0
2026-03-11 00:00:00+00:00,6790.09,6811.15,6745.59,6775.8,0,22622,0.0
2026-03-12 00:00:00+00:00,6740.88,6740.88,6670.4,6672.62,0,22735,0.0
2026-03-13 00:00:00+00:00,6673.49,6733.3,6623.92,6632.19,0,22769,0.0
2026-03-16 00:00:00+00:00,6674.37,6729.79,6674.37,6699.38,0,22600,0.0
2026-03-17 00:00:00+00:00,6722.35,6754.3,6710.8,6716.09,0,22481,0.0
2026-03-18 00:00:00+00:00,6697.16,6705.18,6621.66,6624.7,0,22585,0.0
2026-03-19 00:00:00+00:00,6583.12,6636.74,6557.82,6606.49,0,22685,0.0
2026-03-20 00:00:00+00:00,6594.66,6594.66,6473.52,6506.48,0,22703,0.0
2026-03-23 00:00:00+00:00,6574.96,6609.41,6574.96,6608.29,0,717,0.0
